row #	slot	614b619410622.xml Text	614b619410622.xml Ordinal	614b619410622.xml Scaled	614ba8756c8db.xml Text	614ba8756c8db.xml Ordinal	614ba8756c8db.xml Scaled	614df6a85b9b1.xml Text	614df6a85b9b1.xml Ordinal	614df6a85b9b1.xml Scaled	6155e4b25d5bb.xml Text	6155e4b25d5bb.xml Ordinal	6155e4b25d5bb.xml Scaled	61573f38ef525.xml Text	61573f38ef525.xml Ordinal	61573f38ef525.xml Scaled	615b72f7e220a.xml Text	615b72f7e220a.xml Ordinal	615b72f7e220a.xml Scaled	615b89fa770b6.xml Text	615b89fa770b6.xml Ordinal	615b89fa770b6.xml Scaled	615ca4418ee3f.xml Text	615ca4418ee3f.xml Ordinal	615ca4418ee3f.xml Scaled	615dc910773b8.xml Text	615dc910773b8.xml Ordinal	615dc910773b8.xml Scaled	616066f394fa6.xml Text	616066f394fa6.xml Ordinal	616066f394fa6.xml Scaled	61609db5051d2.xml Text	61609db5051d2.xml Ordinal	61609db5051d2.xml Scaled	6164baf6052a8.xml Text	6164baf6052a8.xml Ordinal	6164baf6052a8.xml Scaled	6165b40aacafb.xml Text	6165b40aacafb.xml Ordinal	6165b40aacafb.xml Scaled	616712744a595.xml Text	616712744a595.xml Ordinal	616712744a595.xml Scaled	61676b2d11524.xml Text	61676b2d11524.xml Ordinal	61676b2d11524.xml Scaled	616f4035b5cf4.xml Text	616f4035b5cf4.xml Ordinal	616f4035b5cf4.xml Scaled	6171d0459add1.xml Text	6171d0459add1.xml Ordinal	6171d0459add1.xml Scaled	61732f9ba6055.xml Text	61732f9ba6055.xml Ordinal	61732f9ba6055.xml Scaled	61735ece7e758.xml Text	61735ece7e758.xml Ordinal	61735ece7e758.xml Scaled	6176c84f1c023.xml Text	6176c84f1c023.xml Ordinal	6176c84f1c023.xml Scaled	6176e09b35d7f.xml Text	6176e09b35d7f.xml Ordinal	6176e09b35d7f.xml Scaled	6177452b8b6c7.xml Text	6177452b8b6c7.xml Ordinal	6177452b8b6c7.xml Scaled	61782a94716e3.xml Text	61782a94716e3.xml Ordinal	61782a94716e3.xml Scaled	61783f6c4c8e7.xml Text	61783f6c4c8e7.xml Ordinal	61783f6c4c8e7.xml Scaled	617850897d411.xml Text	617850897d411.xml Ordinal	617850897d411.xml Scaled	617864ac7b873.xml Text	617864ac7b873.xml Ordinal	617864ac7b873.xml Scaled	61799d37c3555.xml Text	61799d37c3555.xml Ordinal	61799d37c3555.xml Scaled	6179b9da80888.xml Text	6179b9da80888.xml Ordinal	6179b9da80888.xml Scaled	617accb79fb53.xml Text	617accb79fb53.xml Ordinal	617accb79fb53.xml Scaled	617ad2ab32afc.xml Text	617ad2ab32afc.xml Ordinal	617ad2ab32afc.xml Scaled	617af3b01bff2.xml Text	617af3b01bff2.xml Ordinal	617af3b01bff2.xml Scaled	617aff8495ced.xml Text	617aff8495ced.xml Ordinal	617aff8495ced.xml Scaled	617c779c5bc94.xml Text	617c779c5bc94.xml Ordinal	617c779c5bc94.xml Scaled	61800a6acbf2a.xml Text	61800a6acbf2a.xml Ordinal	61800a6acbf2a.xml Scaled	61805a39e24bb.xml Text	61805a39e24bb.xml Ordinal	61805a39e24bb.xml Scaled	618063fc1eba5.xml Text	618063fc1eba5.xml Ordinal	618063fc1eba5.xml Scaled	61816a627e26b.xml Text	61816a627e26b.xml Ordinal	61816a627e26b.xml Scaled	618180e41db0e.xml Text	618180e41db0e.xml Ordinal	618180e41db0e.xml Scaled	61818c0471e3e.xml Text	61818c0471e3e.xml Ordinal	61818c0471e3e.xml Scaled	618194d41e94a.xml Text	618194d41e94a.xml Ordinal	618194d41e94a.xml Scaled	6182df9c3d9e3.xml Text	6182df9c3d9e3.xml Ordinal	6182df9c3d9e3.xml Scaled	6182f66084e0b.xml Text	6182f66084e0b.xml Ordinal	6182f66084e0b.xml Scaled	61830248beb1c.xml Text	61830248beb1c.xml Ordinal	61830248beb1c.xml Scaled	61856c2f8d135.xml Text	61856c2f8d135.xml Ordinal	61856c2f8d135.xml Scaled	618772a4eda31.xml Text	618772a4eda31.xml Ordinal	618772a4eda31.xml Scaled	61895560bbab4.xml Text	61895560bbab4.xml Ordinal	61895560bbab4.xml Scaled	618ab2f1efc9f.xml Text	618ab2f1efc9f.xml Ordinal	618ab2f1efc9f.xml Scaled	618ac6bb76674.xml Text	618ac6bb76674.xml Ordinal	618ac6bb76674.xml Scaled	618af1fa72f85.xml Text	618af1fa72f85.xml Ordinal	618af1fa72f85.xml Scaled	618afa63748f2.xml Text	618afa63748f2.xml Ordinal	618afa63748f2.xml Scaled	618b05ddaf1c8.xml Text	618b05ddaf1c8.xml Ordinal	618b05ddaf1c8.xml Scaled	618b0ed289968.xml Text	618b0ed289968.xml Ordinal	618b0ed289968.xml Scaled	618e95d1e58c7.xml Text	618e95d1e58c7.xml Ordinal	618e95d1e58c7.xml Scaled	618eaa9fcd36f.xml Text	618eaa9fcd36f.xml Ordinal	618eaa9fcd36f.xml Scaled	61941c2f7748c.xml Text	61941c2f7748c.xml Ordinal	61941c2f7748c.xml Scaled	61942b69bdeab.xml Text	61942b69bdeab.xml Ordinal	61942b69bdeab.xml Scaled	6194378833fb3.xml Text	6194378833fb3.xml Ordinal	6194378833fb3.xml Scaled	619441c4acb77.xml Text	619441c4acb77.xml Ordinal	619441c4acb77.xml Scaled	6198116a6dfed.xml Text	6198116a6dfed.xml Ordinal	6198116a6dfed.xml Scaled	6198331eb3593.xml Text	6198331eb3593.xml Ordinal	6198331eb3593.xml Scaled	61985711a8424.xml Text	61985711a8424.xml Ordinal	61985711a8424.xml Scaled	6198648660f3d.xml Text	6198648660f3d.xml Ordinal	6198648660f3d.xml Scaled	619c1b5161bad.xml Text	619c1b5161bad.xml Ordinal	619c1b5161bad.xml Scaled	619c34b5360d2.xml Text	619c34b5360d2.xml Ordinal	619c34b5360d2.xml Scaled	61a50fa18488f.xml Text	61a50fa18488f.xml Ordinal	61a50fa18488f.xml Scaled	61a66d491f16a.xml Text	61a66d491f16a.xml Ordinal	61a66d491f16a.xml Scaled	61a67946c16f2.xml Text	61a67946c16f2.xml Ordinal	61a67946c16f2.xml Scaled	61a67f53dc9b3.xml Text	61a67f53dc9b3.xml Ordinal	61a67f53dc9b3.xml Scaled	61a7bc9e3a002.xml Text	61a7bc9e3a002.xml Ordinal	61a7bc9e3a002.xml Scaled	61a7d3c6aeb5d.xml Text	61a7d3c6aeb5d.xml Ordinal	61a7d3c6aeb5d.xml Scaled	61a7e89c785ae.xml Text	61a7e89c785ae.xml Ordinal	61a7e89c785ae.xml Scaled	61a909a92778f.xml Text	61a909a92778f.xml Ordinal	61a909a92778f.xml Scaled	61a9183722786.xml Text	61a9183722786.xml Ordinal	61a9183722786.xml Scaled	61a92a18640d8.xml Text	61a92a18640d8.xml Ordinal	61a92a18640d8.xml Scaled	61aa5882975cb.xml Text	61aa5882975cb.xml Ordinal	61aa5882975cb.xml Scaled	61aa8e7632db5.xml Text	61aa8e7632db5.xml Ordinal	61aa8e7632db5.xml Scaled	61ae6db443359.xml Text	61ae6db443359.xml Ordinal	61ae6db443359.xml Scaled	61ae7c9289651.xml Text	61ae7c9289651.xml Ordinal	61ae7c9289651.xml Scaled	61af958cc8abe.xml Text	61af958cc8abe.xml Ordinal	61af958cc8abe.xml Scaled	61afc04c3cc7a.xml Text	61afc04c3cc7a.xml Ordinal	61afc04c3cc7a.xml Scaled	61afe38742749.xml Text	61afe38742749.xml Ordinal	61afe38742749.xml Scaled	61b23d317644e.xml Text	61b23d317644e.xml Ordinal	61b23d317644e.xml Scaled	61b257c62b44a.xml Text	61b257c62b44a.xml Ordinal	61b257c62b44a.xml Scaled	61b2654669195.xml Text	61b2654669195.xml Ordinal	61b2654669195.xml Scaled	61b38f199319f.xml Text	61b38f199319f.xml Ordinal	61b38f199319f.xml Scaled	61b3991a21735.xml Text	61b3991a21735.xml Ordinal	61b3991a21735.xml Scaled	621d12cf667c7.xml Text	621d12cf667c7.xml Ordinal	621d12cf667c7.xml Scaled	621d4ff4808c5.xml Text	621d4ff4808c5.xml Ordinal	621d4ff4808c5.xml Scaled	621d682e591a5.xml Text	621d682e591a5.xml Ordinal	621d682e591a5.xml Scaled	Min	Max	Counts
1	Properties/FAIRProps/AccessibleProps/AccessibleFlags/humanAccessible	yes	1	10	yes	1	10	yes	1	10	yes	1	10	yes	1	10	yes	1	10	yes	1	10	yes	1	10	yes	1	10	yes	1	10	no	0	1	yes	1	10	yes	1	10	yes	1	10	no	0	1	yes	1	10	no	0	1	yes	1	10	no	0	1	yes	1	10	no	0	1	yes	1	10	yes	1	10	yes	1	10	no	0	1	yes	1	10	no	0	1	no	0	1	no	0	1	yes	1	10	no	0	1	no	0	1	yes	1	10	no	0	1	no	0	1	no	0	1	no	0	1	yes	1	10	yes	1	10	yes	1	10	yes	1	10	no	0	1	no	0	1	no	0	1	yes	1	10	yes	1	10	yes	1	10	no	0	1	yes	1	10	yes	1	10	no	0	1	no	0	1	no	0	1	no	0	1	no	0	1	no	0	1	no	0	1	no	0	1	no	0	1	yes	1	10	no	0	1	no	0	1	yes	1	10	no	0	1	yes	1	10	yes	1	10	no	0	1	yes	1	10	no	0	1	no	0	1	no	0	1	yes	1	10	yes	1	10	no	0	1	no	0	1	yes	1	10	yes	1	10	yes	1	10	yes	1	10	no	0	1	yes	1	10	no	0	1	no	0	1	no	0	1	no	0	1	no	0	1	yes	1	10	yes	1	10	yes	1	10	no	yes	no:43 yes:46
2	Properties/FAIRProps/AccessibleProps/AccessibleFlags/machineAccessible	yes	1	10	yes	1	10	yes	1	10	yes	1	10	yes	1	10	yes	1	10	yes	1	10	yes	1	10	yes	1	10	yes	1	10	yes	1	10	yes	1	10	yes	1	10	yes	1	10	yes	1	10	yes	1	10	yes	1	10	yes	1	10	yes	1	10	yes	1	10	no	0	1	yes	1	10	yes	1	10	no	0	1	yes	1	10	yes	1	10	yes	1	10	yes	1	10	yes	1	10	yes	1	10	yes	1	10	yes	1	10	yes	1	10	yes	1	10	yes	1	10	yes	1	10	yes	1	10	yes	1	10	yes	1	10	yes	1	10	yes	1	10	yes	1	10	yes	1	10	yes	1	10	yes	1	10	yes	1	10	yes	1	10	yes	1	10	yes	1	10	no	0	1	yes	1	10	yes	1	10	no	0	1	yes	1	10	yes	1	10	no	0	1	yes	1	10	yes	1	10	yes	1	10	yes	1	10	yes	1	10	yes	1	10	yes	1	10	yes	1	10	yes	1	10	yes	1	10	yes	1	10	yes	1	10	yes	1	10	yes	1	10	yes	1	10	yes	1	10	yes	1	10	yes	1	10	yes	1	10	yes	1	10	yes	1	10	yes	1	10	yes	1	10	yes	1	10	no	0	1	no	0	1	no	0	1	yes	1	10	yes	1	10	yes	1	10	yes	1	10	yes	1	10	yes	1	10	no	yes	no:8 yes:81
3	Properties/FAIRProps/AccessibleProps/AccessibleFlags/persistentMetadata	no	0	1	no	0	1	no	0	1	no	0	1	no	0	1	no	0	1	no	0	1	no	0	1	no	0	1	no	0	1	no	0	1	yes	1	10	no	0	1	no	0	1	no	0	1	yes	1	10	no	0	1	yes	1	10	yes	1	10	no	0	1	no	0	1	no	0	1	no	0	1	no	0	1	no	0	1	no	0	1	no	0	1	no	0	1	no	0	1	no	0	1	no	0	1	no	0	1	no	0	1	no	0	1	no	0	1	no	0	1	no	0	1	no	0	1	no	0	1	no	0	1	no	0	1	no	0	1	no	0	1	no	0	1	no	0	1	no	0	1	no	0	1	no	0	1	yes	1	10	no	0	1	no	0	1	no	0	1	no	0	1	no	0	1	no	0	1	no	0	1	no	0	1	no	0	1	no	0	1	no	0	1	no	0	1	no	0	1	no	0	1	no	0	1	no	0	1	no	0	1	no	0	1	no	0	1	no	0	1	no	0	1	no	0	1	no	0	1	no	0	1	yes	1	10	no	0	1	no	0	1	no	0	1	no	0	1	no	0	1	no	0	1	no	0	1	no	0	1	no	0	1	yes	1	10	no	0	1	no	0	1	yes	1	10	no	0	1	no	0	1	no	yes	no:81 yes:8
4	Properties/FAIRProps/AccessibleProps/AccessibleFlags/licenseOK	yes	1	10	no	0	1	yes	1	10	no	0	1	yes	1	10	yes	1	10	yes	1	10	no	0	1	yes	1	10	no	0	1	no	0	1	yes	1	10	no	0	1	no	0	1	no	0	1	no	0	1	yes	1	10	yes	1	10	yes	1	10	no	0	1	no	0	1	yes	1	10	no	0	1	no	0	1	no	0	1	no	0	1	yes	1	10	yes	1	10	no	0	1	no	0	1	yes	1	10	no	0	1	no	0	1	no	0	1	yes	1	10	no	0	1	yes	1	10	no	0	1	yes	1	10	no	0	1	no	0	1	no	0	1	no	0	1	no	0	1	no	0	1	no	0	1	yes	1	10	no	0	1	yes	1	10	no	0	1	no	0	1	no	0	1	no	0	1	no	0	1	no	0	1	no	0	1	no	0	1	no	0	1	no	0	1	yes	1	10	yes	1	10	yes	1	10	yes	1	10	no	0	1	no	0	1	no	0	1	no	0	1	yes	1	10	no	0	1	no	0	1	no	0	1	no	0	1	yes	1	10	yes	1	10	no	0	1	yes	1	10	yes	1	10	yes	1	10	yes	1	10	no	0	1	no	0	1	yes	1	10	no	0	1	yes	1	10	yes	1	10	no	0	1	yes	1	10	yes	1	10	yes	1	10	no	yes	no:53 yes:36
5	Properties/FAIRProps/AccessibleProps/AccessibleFlags/stdApi	yes	1	10	no	0	1	no	0	1	no	0	1	yes	1	10	no	0	1	yes	1	10	no	0	1	no	0	1	no	0	1	yes	1	10	yes	1	10	yes	1	10	yes	1	10	yes	1	10	yes	1	10	no	0	1	yes	1	10	yes	1	10	yes	1	10	no	0	1	yes	1	10	no	0	1	no	0	1	yes	1	10	yes	1	10	yes	1	10	yes	1	10	no	0	1	no	0	1	no	0	1	yes	1	10	no	0	1	no	0	1	no	0	1	yes	1	10	no	0	1	yes	1	10	yes	1	10	no	0	1	yes	1	10	yes	1	10	yes	1	10	yes	1	10	no	0	1	yes	1	10	no	0	1	yes	1	10	no	0	1	no	0	1	yes	1	10	yes	1	10	no	0	1	yes	1	10	no	0	1	no	0	1	no	0	1	no	0	1	yes	1	10	no	0	1	yes	1	10	yes	1	10	yes	1	10	yes	1	10	no	0	1	yes	1	10	no	0	1	no	0	1	no	0	1	no	0	1	no	0	1	no	0	1	no	0	1	yes	1	10	yes	1	10	yes	1	10	yes	1	10	no	0	1	no	0	1	yes	1	10	no	0	1	yes	1	10	no	0	1	no	0	1	no	0	1	no	0	1	yes	1	10	no	0	1	yes	1	10	no	yes	no:45 yes:44
6	Properties/FAIRProps/AccessibleProps/MetadataPersistence	no	0	1.0000	no	0	1.0000	no	0	1.0000	no	0	1.0000	no	0	1.0000	no	0	1.0000	no	0	1.0000	no	0	1.0000	no	0	1.0000	no	0	1.0000	no	0	1.0000	byStatedPolicy	2	10.0000	no	0	1.0000	no	0	1.0000	no	0	1.0000	byStatedPolicy	2	10.0000	no	0	1.0000	byStatedPolicy	2	10.0000	byStatedPolicy	2	10.0000	no	0	1.0000	no	0	1.0000	no	0	1.0000	no	0	1.0000	no	0	1.0000	no	0	1.0000	no	0	1.0000	no	0	1.0000	no	0	1.0000	no	0	1.0000	no	0	1.0000	no	0	1.0000	no	0	1.0000	no	0	1.0000	no	0	1.0000	no	0	1.0000	no	0	1.0000	no	0	1.0000	no	0	1.0000	no	0	1.0000	no	0	1.0000	no	0	1.0000	no	0	1.0000	no	0	1.0000	no	0	1.0000	no	0	1.0000	no	0	1.0000	no	0	1.0000	no	0	1.0000	byStatedPolicy	2	10.0000	no	0	1.0000	no	0	1.0000	no	0	1.0000	no	0	1.0000	no	0	1.0000	no	0	1.0000	no	0	1.0000	no	0	1.0000	no	0	1.0000	no	0	1.0000	no	0	1.0000	no	0	1.0000	no	0	1.0000	no	0	1.0000	no	0	1.0000	no	0	1.0000	no	0	1.0000	no	0	1.0000	no	0	1.0000	no	0	1.0000	no	0	1.0000	no	0	1.0000	no	0	1.0000	no	0	1.0000	byStatedPolicy	2	10.0000	no	0	1.0000	no	0	1.0000	no	0	1.0000	no	0	1.0000	no	0	1.0000	no	0	1.0000	no	0	1.0000	no	0	1.0000	no	0	1.0000	byStatedPolicy	2	10.0000	no	0	1.0000	no	0	1.0000	byStatedPolicy	2	10.0000	no	0	1.0000	no	0	1.0000	no	byStatedPolicy	no:81 byEvidence:0 byStatedPolicy:8
7	Properties/FAIRProps/FindableProps/PersistentIdentifier	internalPID	1	5.5000	internalPID	1	5.5000	internalPID	1	5.5000	internalPID	1	5.5000	externalPID	2	10.0000	externalPID	2	10.0000	externalPID	2	10.0000	internalPID	1	5.5000	externalPID	2	10.0000	externalPID	2	10.0000	internalPID	1	5.5000	externalPID	2	10.0000	externalPID	2	10.0000	internalPID	1	5.5000	internalPID	1	5.5000	externalPID	2	10.0000	externalPID	2	10.0000	externalPID	2	10.0000	externalPID	2	10.0000	externalPID	2	10.0000	internalPID	1	5.5000	externalPID	2	10.0000	externalPID	2	10.0000	internalPID	1	5.5000	internalPID	1	5.5000	externalPID	2	10.0000	internalPID	1	5.5000	internalPID	1	5.5000	internalPID	1	5.5000	internalPID	1	5.5000	internalPID	1	5.5000	internalPID	1	5.5000	internalPID	1	5.5000	externalPID	2	10.0000	externalPID	2	10.0000	none	0	1.0000	internalPID	1	5.5000	externalPID	2	10.0000	externalPID	2	10.0000	externalPID	2	10.0000	externalPID	2	10.0000	internalPID	1	5.5000	internalPID	1	5.5000	internalPID	1	5.5000	internalPID	1	5.5000	internalPID	1	5.5000	externalPID	2	10.0000	internalPID	1	5.5000	externalPID	2	10.0000	internalPID	1	5.5000	externalPID	2	10.0000	internalPID	1	5.5000	none	0	1.0000	none	0	1.0000	none	0	1.0000	none	0	1.0000	none	0	1.0000	internalPID	1	5.5000	internalPID	1	5.5000	externalPID	2	10.0000	internalPID	1	5.5000	internalPID	1	5.5000	externalPID	2	10.0000	internalPID	1	5.5000	externalPID	2	10.0000	externalPID	2	10.0000	internalPID	1	5.5000	internalPID	1	5.5000	none	0	1.0000	internalPID	1	5.5000	internalPID	1	5.5000	externalPID	2	10.0000	externalPID	2	10.0000	externalPID	2	10.0000	internalPID	1	5.5000	externalPID	2	10.0000	externalPID	2	10.0000	externalPID	2	10.0000	externalPID	2	10.0000	internalPID	1	5.5000	internalPID	1	5.5000	externalPID	2	10.0000	externalPID	2	10.0000	externalPID	2	10.0000	none	0	1.0000	externalPID	2	10.0000	externalPID	2	10.0000	externalPID	2	10.0000	externalPID	2	10.0000	none	externalPID	none:8 internalPID:39 externalPID:42
8	Properties/FAIRProps/FindableProps/IdInMetadata	partial	1	5.5000	partial	1	5.5000	partial	1	5.5000	partial	1	5.5000	all	2	10.0000	all	2	10.0000	all	2	10.0000	all	2	10.0000	all	2	10.0000	all	2	10.0000	partial	1	5.5000	all	2	10.0000	all	2	10.0000	all	2	10.0000	partial	1	5.5000	all	2	10.0000	partial	1	5.5000	all	2	10.0000	all	2	10.0000	all	2	10.0000	all	2	10.0000	partial	1	5.5000	all	2	10.0000	all	2	10.0000	all	2	10.0000	all	2	10.0000	partial	1	5.5000	partial	1	5.5000	partial	1	5.5000	partial	1	5.5000	partial	1	5.5000	partial	1	5.5000	all	2	10.0000	partial	1	5.5000	all	2	10.0000		-1	1	partial	1	5.5000	all	2	10.0000	all	2	10.0000	all	2	10.0000	all	2	10.0000	all	2	10.0000	partial	1	5.5000	partial	1	5.5000	partial	1	5.5000	partial	1	5.5000	all	2	10.0000	partial	1	5.5000	all	2	10.0000	all	2	10.0000	all	2	10.0000	all	2	10.0000		-1	1		-1	1		-1	1		-1	1		-1	1	partial	1	5.5000	partial	1	5.5000	all	2	10.0000	partial	1	5.5000	all	2	10.0000	all	2	10.0000	partial	1	5.5000	all	2	10.0000	all	2	10.0000	partial	1	5.5000	partial	1	5.5000		-1	1	partial	1	5.5000	partial	1	5.5000	all	2	10.0000	all	2	10.0000	all	2	10.0000	partial	1	5.5000	all	2	10.0000	all	2	10.0000	all	2	10.0000	partial	1	5.5000	partial	1	5.5000	partial	1	5.5000	all	2	10.0000	partial	1	5.5000	all	2	10.0000		-1	1	partial	1	5.5000	all	2	10.0000	partial	1	5.5000	all	2	10.0000		all	none:0 partial:36 all:45
9	Properties/FAIRProps/FindableProps/MetadataGrade	limited	1	5.5000	limited	1	5.5000	limited	1	5.5000	limited	1	5.5000	limited	1	5.5000	minimal	0	1.0000	limited	1	5.5000	limited	1	5.5000	rich	2	10.0000	limited	1	5.5000	limited	1	5.5000	limited	1	5.5000	rich	2	10.0000	limited	1	5.5000	limited	1	5.5000	rich	2	10.0000	minimal	0	1.0000	rich	2	10.0000	limited	1	5.5000	rich	2	10.0000	limited	1	5.5000	rich	2	10.0000	rich	2	10.0000	minimal	0	1.0000	limited	1	5.5000	limited	1	5.5000	rich	2	10.0000	limited	1	5.5000	minimal	0	1.0000	minimal	0	1.0000	minimal	0	1.0000	rich	2	10.0000	limited	1	5.5000	limited	1	5.5000	limited	1	5.5000	minimal	0	1.0000	minimal	0	1.0000	minimal	0	1.0000	minimal	0	1.0000	minimal	0	1.0000	limited	1	5.5000	minimal	0	1.0000	minimal	0	1.0000	limited	1	5.5000	limited	1	5.5000	minimal	0	1.0000	minimal	0	1.0000	minimal	0	1.0000	limited	1	5.5000	rich	2	10.0000	limited	1	5.5000	limited	1	5.5000	rich	2	10.0000	limited	1	5.5000	minimal	0	1.0000	minimal	0	1.0000	minimal	0	1.0000	limited	1	5.5000	minimal	0	1.0000	rich	2	10.0000	limited	1	5.5000	limited	1	5.5000	limited	1	5.5000	minimal	0	1.0000	rich	2	10.0000	limited	1	5.5000	limited	1	5.5000	limited	1	5.5000	minimal	0	1.0000	minimal	0	1.0000	limited	1	5.5000	minimal	0	1.0000	rich	2	10.0000	limited	1	5.5000	limited	1	5.5000	limited	1	5.5000	minimal	0	1.0000	minimal	0	1.0000	minimal	0	1.0000	minimal	0	1.0000	minimal	0	1.0000	minimal	0	1.0000	minimal	0	1.0000	minimal	0	1.0000	limited	1	5.5000	limited	1	5.5000	rich	2	10.0000	limited	1	5.5000	limited	1	5.5000	minimal	rich	minimal:32 limited:42 rich:15
10	Properties/FAIRProps/FindableProps/FindableFlags/internalSearchOK	yes	1	10	yes	1	10	yes	1	10	yes	1	10	yes	1	10	yes	1	10	yes	1	10	yes	1	10	yes	1	10	yes	1	10	yes	1	10	yes	1	10	yes	1	10	yes	1	10	yes	1	10	yes	1	10	yes	1	10	yes	1	10	yes	1	10	yes	1	10	yes	1	10	yes	1	10	yes	1	10	yes	1	10	yes	1	10	yes	1	10	yes	1	10	yes	1	10	yes	1	10	yes	1	10	yes	1	10	yes	1	10	yes	1	10	yes	1	10	yes	1	10	yes	1	10	yes	1	10	yes	1	10	yes	1	10	yes	1	10	yes	1	10	yes	1	10	yes	1	10	yes	1	10	yes	1	10	yes	1	10	yes	1	10	yes	1	10	yes	1	10	yes	1	10	yes	1	10	yes	1	10	yes	1	10	yes	1	10	no	0	1	no	0	1	yes	1	10	yes	1	10	yes	1	10	yes	1	10	yes	1	10	yes	1	10	yes	1	10	yes	1	10	yes	1	10	yes	1	10	yes	1	10	yes	1	10	yes	1	10	yes	1	10	yes	1	10	yes	1	10	no	0	1	yes	1	10	yes	1	10	yes	1	10	yes	1	10	yes	1	10	no	0	1	yes	1	10	yes	1	10	yes	1	10	yes	1	10	no	0	1	no	0	1	yes	1	10	yes	1	10	yes	1	10	yes	1	10	no	yes	no:6 yes:83
11	Properties/FAIRProps/InteroperableProps/MetadataFAIRness	minimal	0	1.0000	allowed	1	5.5000	allowed	1	5.5000	enforced	2	10.0000	minimal	0	1.0000	minimal	0	1.0000	enforced	2	10.0000	minimal	0	1.0000	enforced	2	10.0000	enforced	2	10.0000	allowed	1	5.5000	allowed	1	5.5000	minimal	0	1.0000	enforced	2	10.0000	enforced	2	10.0000	enforced	2	10.0000	minimal	0	1.0000	allowed	1	5.5000	minimal	0	1.0000	enforced	2	10.0000	allowed	1	5.5000	enforced	2	10.0000	enforced	2	10.0000	enforced	2	10.0000	enforced	2	10.0000	enforced	2	10.0000	enforced	2	10.0000	minimal	0	1.0000	enforced	2	10.0000	enforced	2	10.0000	enforced	2	10.0000	allowed	1	5.5000	allowed	1	5.5000	enforced	2	10.0000	minimal	0	1.0000	minimal	0	1.0000	enforced	2	10.0000	enforced	2	10.0000	enforced	2	10.0000	enforced	2	10.0000	enforced	2	10.0000	enforced	2	10.0000	minimal	0	1.0000	enforced	2	10.0000	minimal	0	1.0000	enforced	2	10.0000	enforced	2	10.0000	enforced	2	10.0000	minimal	0	1.0000	enforced	2	10.0000	enforced	2	10.0000	enforced	2	10.0000	minimal	0	1.0000	enforced	2	10.0000	enforced	2	10.0000	minimal	0	1.0000	enforced	2	10.0000	minimal	0	1.0000	enforced	2	10.0000	enforced	2	10.0000	enforced	2	10.0000	enforced	2	10.0000	enforced	2	10.0000	enforced	2	10.0000	enforced	2	10.0000	enforced	2	10.0000	enforced	2	10.0000	minimal	0	1.0000	enforced	2	10.0000	enforced	2	10.0000	enforced	2	10.0000	enforced	2	10.0000	minimal	0	1.0000	minimal	0	1.0000	minimal	0	1.0000	enforced	2	10.0000	enforced	2	10.0000	enforced	2	10.0000	enforced	2	10.0000	enforced	2	10.0000	enforced	2	10.0000	minimal	0	1.0000	enforced	2	10.0000	enforced	2	10.0000	minimal	0	1.0000	allowed	1	5.5000	minimal	0	1.0000	enforced	2	10.0000	minimal	0	1.0000	minimal	enforced	minimal:24 allowed:9 enforced:56
12	Properties/FAIRProps/InteroperableProps/StudyLinkage	freeText	1	4.0000	freeText	1	4.0000	freeText	1	4.0000	none	0	1.0000	freeText	1	4.0000	freeText	1	4.0000	textualMetadata	2	7.0000	freeText	1	4.0000	textualMetadata	2	7.0000	freeText	1	4.0000	freeText	1	4.0000	freeText	1	4.0000	freeText	1	4.0000	freeText	1	4.0000	freeText	1	4.0000	freeText	1	4.0000	freeText	1	4.0000	textualMetadata	2	7.0000	machineReadableMetadata	3	10.0000	machineReadableMetadata	3	10.0000	none	0	1.0000	freeText	1	4.0000	freeText	1	4.0000	freeText	1	4.0000	textualMetadata	2	7.0000	textualMetadata	2	7.0000	freeText	1	4.0000	freeText	1	4.0000	freeText	1	4.0000	freeText	1	4.0000	none	0	1.0000	textualMetadata	2	7.0000	freeText	1	4.0000	freeText	1	4.0000	textualMetadata	2	7.0000	freeText	1	4.0000	freeText	1	4.0000	textualMetadata	2	7.0000	none	0	1.0000	freeText	1	4.0000	textualMetadata	2	7.0000	none	0	1.0000	none	0	1.0000	freeText	1	4.0000	freeText	1	4.0000	freeText	1	4.0000	freeText	1	4.0000	freeText	1	4.0000	freeText	1	4.0000	freeText	1	4.0000	freeText	1	4.0000	freeText	1	4.0000	freeText	1	4.0000	freeText	1	4.0000	freeText	1	4.0000	freeText	1	4.0000	freeText	1	4.0000	freeText	1	4.0000	textualMetadata	2	7.0000	textualMetadata	2	7.0000	textualMetadata	2	7.0000	textualMetadata	2	7.0000	textualMetadata	2	7.0000	none	0	1.0000	textualMetadata	2	7.0000	textualMetadata	2	7.0000	freeText	1	4.0000	freeText	1	4.0000	none	0	1.0000	freeText	1	4.0000	textualMetadata	2	7.0000	freeText	1	4.0000	textualMetadata	2	7.0000	textualMetadata	2	7.0000	none	0	1.0000	none	0	1.0000	freeText	1	4.0000	textualMetadata	2	7.0000	freeText	1	4.0000	textualMetadata	2	7.0000	freeText	1	4.0000	freeText	1	4.0000	none	0	1.0000	freeText	1	4.0000	none	0	1.0000	none	0	1.0000	textualMetadata	2	7.0000	freeText	1	4.0000	textualMetadata	2	7.0000	none	machineReadableMetadata	none:13 freeText:51 textualMetadata:23 machineReadableMetadata:2
13	Properties/FAIRProps/InteroperableProps/InteroperableFlags/formalMetadataVocabularyOK	yes	1	10	no	0	1	yes	1	10	no	0	1	no	0	1	no	0	1	yes	1	10	no	0	1	no	0	1	yes	1	10	yes	1	10	yes	1	10	no	0	1	no	0	1	yes	1	10	yes	1	10	no	0	1	yes	1	10	yes	1	10	yes	1	10	no	0	1	yes	1	10	no	0	1	no	0	1	yes	1	10	no	0	1	yes	1	10	yes	1	10	yes	1	10	yes	1	10	no	0	1	yes	1	10	yes	1	10	no	0	1	no	0	1	yes	1	10	yes	1	10	yes	1	10	yes	1	10	yes	1	10	yes	1	10	yes	1	10	yes	1	10	yes	1	10	no	0	1	yes	1	10	yes	1	10	yes	1	10	yes	1	10	no	0	1	yes	1	10	yes	1	10	no	0	1	yes	1	10	no	0	1	no	0	1	no	0	1	no	0	1	yes	1	10	no	0	1	yes	1	10	yes	1	10	yes	1	10	yes	1	10	no	0	1	yes	1	10	yes	1	10	no	0	1	yes	1	10	no	0	1	yes	1	10	no	0	1	no	0	1	yes	1	10	yes	1	10	yes	1	10	yes	1	10	no	0	1	yes	1	10	yes	1	10	no	0	1	no	0	1	no	0	1	no	0	1	no	0	1	no	0	1	yes	1	10	yes	1	10	yes	1	10	no	yes	no:36 yes:53
14	Properties/FAIRProps/InteroperableProps/InteroperableFlags/fairMetadataOK	no	0	1	yes	1	10	yes	1	10	yes	1	10	no	0	1	no	0	1	yes	1	10	no	0	1	yes	1	10	yes	1	10	yes	1	10	yes	1	10	no	0	1	yes	1	10	yes	1	10	yes	1	10	no	0	1	yes	1	10	no	0	1	yes	1	10	yes	1	10	yes	1	10	yes	1	10	yes	1	10	yes	1	10	yes	1	10	yes	1	10	no	0	1	yes	1	10	yes	1	10	yes	1	10	yes	1	10	yes	1	10	yes	1	10	no	0	1	no	0	1	yes	1	10	yes	1	10	yes	1	10	yes	1	10	yes	1	10	yes	1	10	no	0	1	yes	1	10	no	0	1	yes	1	10	yes	1	10	yes	1	10	no	0	1	yes	1	10	yes	1	10	yes	1	10	no	0	1	yes	1	10	yes	1	10	no	0	1	yes	1	10	no	0	1	yes	1	10	yes	1	10	yes	1	10	yes	1	10	yes	1	10	yes	1	10	yes	1	10	yes	1	10	yes	1	10	no	0	1	yes	1	10	yes	1	10	yes	1	10	yes	1	10	no	0	1	no	0	1	no	0	1	yes	1	10	yes	1	10	yes	1	10	yes	1	10	yes	1	10	yes	1	10	no	0	1	yes	1	10	yes	1	10	no	0	1	yes	1	10	no	0	1	yes	1	10	no	0	1	no	yes	no:24 yes:65
15	Properties/FAIRProps/InteroperableProps/InteroperableFlags/qualifiedMetadataReferencesOK	yes	1	10	yes	1	10	yes	1	10	no	0	1	no	0	1	yes	1	10	yes	1	10	yes	1	10	yes	1	10	yes	1	10	yes	1	10	yes	1	10	yes	1	10	yes	1	10	yes	1	10	no	0	1	no	0	1	yes	1	10	yes	1	10	yes	1	10	no	0	1	no	0	1	no	0	1	yes	1	10	yes	1	10	yes	1	10	no	0	1	yes	1	10	yes	1	10	yes	1	10	no	0	1	yes	1	10	no	0	1	yes	1	10	yes	1	10	no	0	1	no	0	1	yes	1	10	no	0	1	no	0	1	yes	1	10	no	0	1	no	0	1	no	0	1	no	0	1	no	0	1	no	0	1	no	0	1	yes	1	10	no	0	1	no	0	1	no	0	1	no	0	1	no	0	1	no	0	1	no	0	1	no	0	1	yes	1	10	yes	1	10	yes	1	10	yes	1	10	yes	1	10	yes	1	10	no	0	1	yes	1	10	yes	1	10	yes	1	10	no	0	1	no	0	1	no	0	1	yes	1	10	yes	1	10	yes	1	10	yes	1	10	no	0	1	no	0	1	yes	1	10	yes	1	10	no	0	1	yes	1	10	yes	1	10	yes	1	10	no	0	1	no	0	1	no	0	1	no	0	1	yes	1	10	no	0	1	yes	1	10	no	yes	no:41 yes:48
16	Properties/FAIRProps/InteroperableProps/InteroperableFlags/studyLinkageOK	no	0	1	no	0	1	no	0	1	no	0	1	no	0	1	no	0	1	yes	1	10	no	0	1	yes	1	10	no	0	1	no	0	1	no	0	1	no	0	1	no	0	1	no	0	1	no	0	1	no	0	1	yes	1	10	yes	1	10	yes	1	10	no	0	1	no	0	1	no	0	1	no	0	1	yes	1	10	yes	1	10	no	0	1	no	0	1	no	0	1	no	0	1	no	0	1	yes	1	10	no	0	1	no	0	1	yes	1	10	no	0	1	no	0	1	yes	1	10	no	0	1	no	0	1	yes	1	10	no	0	1	no	0	1	no	0	1	no	0	1	no	0	1	no	0	1	no	0	1	no	0	1	no	0	1	no	0	1	no	0	1	no	0	1	no	0	1	no	0	1	no	0	1	no	0	1	no	0	1	yes	1	10	yes	1	10	yes	1	10	yes	1	10	yes	1	10	no	0	1	yes	1	10	yes	1	10	no	0	1	no	0	1	no	0	1	no	0	1	yes	1	10	no	0	1	yes	1	10	yes	1	10	no	0	1	no	0	1	no	0	1	yes	1	10	no	0	1	yes	1	10	no	0	1	no	0	1	no	0	1	no	0	1	no	0	1	no	0	1	yes	1	10	no	0	1	yes	1	10	no	yes	no:64 yes:25
17	Properties/FAIRProps/InteroperableProps/MetadataReferenceQuality	informal	1	5.5000	informal	1	5.5000	informal	1	5.5000	freeText	0	1.0000	freeText	0	1.0000	informal	1	5.5000	formal	2	10.0000	informal	1	5.5000	informal	1	5.5000	informal	1	5.5000	informal	1	5.5000	informal	1	5.5000	informal	1	5.5000	informal	1	5.5000	informal	1	5.5000	freeText	0	1.0000	freeText	0	1.0000	informal	1	5.5000	informal	1	5.5000	formal	2	10.0000	freeText	0	1.0000	freeText	0	1.0000	freeText	0	1.0000	informal	1	5.5000	informal	1	5.5000	informal	1	5.5000	freeText	0	1.0000	informal	1	5.5000	informal	1	5.5000	informal	1	5.5000	freeText	0	1.0000	informal	1	5.5000	freeText	0	1.0000	informal	1	5.5000	informal	1	5.5000	freeText	0	1.0000	freeText	0	1.0000	informal	1	5.5000	freeText	0	1.0000	freeText	0	1.0000	informal	1	5.5000	freeText	0	1.0000	freeText	0	1.0000	freeText	0	1.0000	freeText	0	1.0000	freeText	0	1.0000	freeText	0	1.0000	freeText	0	1.0000	formal	2	10.0000	freeText	0	1.0000	freeText	0	1.0000	freeText	0	1.0000	freeText	0	1.0000	freeText	0	1.0000	freeText	0	1.0000	freeText	0	1.0000	freeText	0	1.0000	informal	1	5.5000	informal	1	5.5000	informal	1	5.5000	informal	1	5.5000	informal	1	5.5000	informal	1	5.5000	freeText	0	1.0000	informal	1	5.5000	informal	1	5.5000	informal	1	5.5000	freeText	0	1.0000	freeText	0	1.0000	freeText	0	1.0000	informal	1	5.5000	informal	1	5.5000	informal	1	5.5000	informal	1	5.5000	freeText	0	1.0000	freeText	0	1.0000	informal	1	5.5000	formal	2	10.0000	freeText	0	1.0000	informal	1	5.5000	informal	1	5.5000	informal	1	5.5000	freeText	0	1.0000	freeText	0	1.0000	freeText	0	1.0000	freeText	0	1.0000	formal	2	10.0000	freeText	0	1.0000	informal	1	5.5000	freeText	formal	freeText:41 informal:43 formal:5
18	Properties/FAIRProps/ReusableProps/DocumentationLevel	good	2	7.0000	adequate	1	4.0000	adequate	1	4.0000	adequate	1	4.0000	good	2	7.0000	lacking	0	1.0000	good	2	7.0000	full	3	10.0000	adequate	1	4.0000	adequate	1	4.0000	lacking	0	1.0000	good	2	7.0000	lacking	0	1.0000	adequate	1	4.0000	adequate	1	4.0000	good	2	7.0000	lacking	0	1.0000	adequate	1	4.0000	lacking	0	1.0000	good	2	7.0000	adequate	1	4.0000	good	2	7.0000	good	2	7.0000	lacking	0	1.0000	adequate	1	4.0000	adequate	1	4.0000	full	3	10.0000	lacking	0	1.0000	lacking	0	1.0000	lacking	0	1.0000	lacking	0	1.0000	adequate	1	4.0000	adequate	1	4.0000	adequate	1	4.0000	adequate	1	4.0000	adequate	1	4.0000	adequate	1	4.0000	adequate	1	4.0000	good	2	7.0000	adequate	1	4.0000	good	2	7.0000	adequate	1	4.0000	full	3	10.0000	adequate	1	4.0000	adequate	1	4.0000	adequate	1	4.0000	adequate	1	4.0000	adequate	1	4.0000	adequate	1	4.0000	lacking	0	1.0000	adequate	1	4.0000	adequate	1	4.0000	lacking	0	1.0000	adequate	1	4.0000	lacking	0	1.0000	lacking	0	1.0000	adequate	1	4.0000	adequate	1	4.0000	adequate	1	4.0000	good	2	7.0000	lacking	0	1.0000	adequate	1	4.0000	adequate	1	4.0000	adequate	1	4.0000	good	2	7.0000	good	2	7.0000	good	2	7.0000	lacking	0	1.0000	good	2	7.0000	good	2	7.0000	good	2	7.0000	adequate	1	4.0000	adequate	1	4.0000	adequate	1	4.0000	adequate	1	4.0000	lacking	0	1.0000	good	2	7.0000	adequate	1	4.0000	adequate	1	4.0000	good	2	7.0000	adequate	1	4.0000	adequate	1	4.0000	adequate	1	4.0000	lacking	0	1.0000	lacking	0	1.0000	lacking	0	1.0000	good	2	7.0000	lacking	0	1.0000	adequate	1	4.0000	lacking	full	lacking:21 adequate:45 good:20 full:3
19	Properties/FAIRProps/ReusableProps/MetadataProvenance	adequate	1	5.5000	adequate	1	5.5000	adequate	1	5.5000	adequate	1	5.5000	adequate	1	5.5000	adequate	1	5.5000	full	2	10.0000	adequate	1	5.5000	full	2	10.0000	adequate	1	5.5000	unclear	0	1.0000	adequate	1	5.5000	adequate	1	5.5000	adequate	1	5.5000	unclear	0	1.0000	full	2	10.0000	unclear	0	1.0000	adequate	1	5.5000	adequate	1	5.5000	adequate	1	5.5000	adequate	1	5.5000	adequate	1	5.5000	adequate	1	5.5000	adequate	1	5.5000	adequate	1	5.5000	adequate	1	5.5000	adequate	1	5.5000	adequate	1	5.5000	unclear	0	1.0000	unclear	0	1.0000	unclear	0	1.0000	unclear	0	1.0000	unclear	0	1.0000	adequate	1	5.5000	adequate	1	5.5000	unclear	0	1.0000	unclear	0	1.0000	unclear	0	1.0000	adequate	1	5.5000	unclear	0	1.0000	adequate	1	5.5000	unclear	0	1.0000	unclear	0	1.0000	unclear	0	1.0000	unclear	0	1.0000	unclear	0	1.0000	adequate	1	5.5000	unclear	0	1.0000	adequate	1	5.5000	unclear	0	1.0000	unclear	0	1.0000	unclear	0	1.0000	unclear	0	1.0000	unclear	0	1.0000	unclear	0	1.0000	unclear	0	1.0000	unclear	0	1.0000	adequate	1	5.5000	adequate	1	5.5000	adequate	1	5.5000	unclear	0	1.0000	unclear	0	1.0000	adequate	1	5.5000	unclear	0	1.0000	adequate	1	5.5000	adequate	1	5.5000	unclear	0	1.0000	unclear	0	1.0000	unclear	0	1.0000	unclear	0	1.0000	adequate	1	5.5000	adequate	1	5.5000	adequate	1	5.5000	adequate	1	5.5000	unclear	0	1.0000	unclear	0	1.0000	unclear	0	1.0000	adequate	1	5.5000	unclear	0	1.0000	unclear	0	1.0000	adequate	1	5.5000	adequate	1	5.5000	unclear	0	1.0000	unclear	0	1.0000	unclear	0	1.0000	unclear	0	1.0000	full	2	10.0000	unclear	0	1.0000	adequate	1	5.5000	unclear	full	unclear:43 adequate:42 full:4
20	Properties/FAIRProps/ReusableProps/ReusableFlags/documentationOK	yes	1	10	yes	1	10	yes	1	10	yes	1	10	yes	1	10	no	0	1	yes	1	10	yes	1	10	yes	1	10	yes	1	10	no	0	1	yes	1	10	no	0	1	yes	1	10	yes	1	10	yes	1	10	no	0	1	yes	1	10	no	0	1	yes	1	10	yes	1	10	yes	1	10	yes	1	10	no	0	1	yes	1	10	yes	1	10	yes	1	10	no	0	1	no	0	1	no	0	1	no	0	1	yes	1	10	yes	1	10	yes	1	10	yes	1	10	yes	1	10	yes	1	10	yes	1	10	yes	1	10	yes	1	10	yes	1	10	yes	1	10	yes	1	10	yes	1	10	yes	1	10	yes	1	10	yes	1	10	yes	1	10	yes	1	10	no	0	1	yes	1	10	yes	1	10	no	0	1	yes	1	10	no	0	1	no	0	1	yes	1	10	yes	1	10	yes	1	10	yes	1	10	no	0	1	yes	1	10	yes	1	10	yes	1	10	yes	1	10	yes	1	10	yes	1	10	no	0	1	yes	1	10	yes	1	10	yes	1	10	yes	1	10	yes	1	10	yes	1	10	yes	1	10	no	0	1	yes	1	10	yes	1	10	yes	1	10	yes	1	10	yes	1	10	yes	1	10	yes	1	10	no	0	1	no	0	1	no	0	1	yes	1	10	no	0	1	yes	1	10	no	yes	no:21 yes:68
21	Properties/FAIRProps/ReusableProps/ReusableFlags/dkNetMetadataOK	yes	1	10	yes	1	10	yes	1	10	yes	1	10	yes	1	10	yes	1	10	yes	1	10	yes	1	10	yes	1	10	yes	1	10	yes	1	10	yes	1	10	yes	1	10	yes	1	10	yes	1	10	yes	1	10	no	0	1	no	0	1	no	0	1	yes	1	10	no	0	1	yes	1	10	yes	1	10	no	0	1	yes	1	10	yes	1	10	yes	1	10	no	0	1	no	0	1	yes	1	10	no	0	1	yes	1	10	yes	1	10	yes	1	10	yes	1	10	no	0	1	no	0	1	no	0	1	yes	1	10	yes	1	10	yes	1	10	no	0	1	no	0	1	yes	1	10	no	0	1	no	0	1	yes	1	10	no	0	1	no	0	1	yes	1	10	yes	1	10	no	0	1	yes	1	10	yes	1	10	no	0	1	no	0	1	no	0	1	yes	1	10	yes	1	10	yes	1	10	yes	1	10	yes	1	10	yes	1	10	no	0	1	yes	1	10	yes	1	10	yes	1	10	no	0	1	no	0	1	no	0	1	yes	1	10	no	0	1	no	0	1	no	0	1	no	0	1	yes	1	10	no	0	1	yes	1	10	no	0	1	no	0	1	no	0	1	no	0	1	no	0	1	no	0	1	yes	1	10	yes	1	10	no	0	1	yes	1	10	yes	1	10	no	yes	no:37 yes:52
22	Properties/FAIRProps/ReusableProps/ReusableFlags/communityStandard	yes	1	10	no	0	1	yes	1	10	yes	1	10	yes	1	10	no	0	1	yes	1	10	no	0	1	no	0	1	yes	1	10	no	0	1	yes	1	10	yes	1	10	no	0	1	yes	1	10	yes	1	10	no	0	1	no	0	1	yes	1	10	yes	1	10	yes	1	10	yes	1	10	no	0	1	no	0	1	no	0	1	yes	1	10	yes	1	10	yes	1	10	yes	1	10	yes	1	10	yes	1	10	yes	1	10	yes	1	10	yes	1	10	no	0	1	yes	1	10	yes	1	10	yes	1	10	yes	1	10	yes	1	10	yes	1	10	yes	1	10	yes	1	10	yes	1	10	yes	1	10	yes	1	10	yes	1	10	yes	1	10	yes	1	10	no	0	1	yes	1	10	yes	1	10	no	0	1	yes	1	10	yes	1	10	no	0	1	yes	1	10	no	0	1	yes	1	10	yes	1	10	yes	1	10	yes	1	10	yes	1	10	yes	1	10	yes	1	10	yes	1	10	yes	1	10	no	0	1	yes	1	10	yes	1	10	yes	1	10	yes	1	10	yes	1	10	yes	1	10	no	0	1	no	0	1	yes	1	10	yes	1	10	yes	1	10	yes	1	10	no	0	1	yes	1	10	yes	1	10	yes	1	10	no	0	1	yes	1	10	yes	1	10	yes	1	10	yes	1	10	no	yes	no:21 yes:68
23	Properties/FAIRProps/ReusableProps/ReusableFlags/generalMetadata	yes	1	10	no	0	1	no	0	1	no	0	1	no	0	1	no	0	1	yes	1	10	no	0	1	no	0	1	yes	1	10	yes	1	10	yes	1	10	yes	1	10	yes	1	10	no	0	1	yes	1	10	no	0	1	yes	1	10	yes	1	10	no	0	1	yes	1	10	no	0	1	yes	1	10	no	0	1	no	0	1	yes	1	10	yes	1	10	no	0	1	no	0	1	no	0	1	no	0	1	yes	1	10	no	0	1	yes	1	10	no	0	1	no	0	1	yes	1	10	yes	1	10	yes	1	10	yes	1	10	yes	1	10	no	0	1	no	0	1	no	0	1	no	0	1	yes	1	10	yes	1	10	yes	1	10	yes	1	10	no	0	1	yes	1	10	yes	1	10	no	0	1	yes	1	10	no	0	1	no	0	1	no	0	1	no	0	1	yes	1	10	no	0	1	no	0	1	yes	1	10	yes	1	10	yes	1	10	no	0	1	yes	1	10	yes	1	10	no	0	1	no	0	1	yes	1	10	no	0	1	no	0	1	no	0	1	no	0	1	no	0	1	yes	1	10	no	0	1	no	0	1	yes	1	10	yes	1	10	no	0	1	no	0	1	no	0	1	no	0	1	no	0	1	no	0	1	no	0	1	yes	1	10	no	0	1	no	yes	no:50 yes:39
24	Properties/FAIRProps/ReusableProps/ReusableFlags/metadataProvenanceOK	yes	1	10	yes	1	10	yes	1	10	yes	1	10	yes	1	10	yes	1	10	yes	1	10	yes	1	10	yes	1	10	yes	1	10	no	0	1	yes	1	10	yes	1	10	yes	1	10	no	0	1	yes	1	10	no	0	1	yes	1	10	yes	1	10	yes	1	10	yes	1	10	yes	1	10	yes	1	10	yes	1	10	yes	1	10	yes	1	10	yes	1	10	yes	1	10	no	0	1	no	0	1	no	0	1	no	0	1	no	0	1	yes	1	10	yes	1	10	no	0	1	no	0	1	no	0	1	yes	1	10	no	0	1	yes	1	10	no	0	1	no	0	1	no	0	1	no	0	1	no	0	1	yes	1	10	no	0	1	yes	1	10	no	0	1	no	0	1	no	0	1	no	0	1	no	0	1	no	0	1	no	0	1	no	0	1	yes	1	10	yes	1	10	yes	1	10	no	0	1	no	0	1	yes	1	10	no	0	1	yes	1	10	yes	1	10	no	0	1	no	0	1	no	0	1	no	0	1	yes	1	10	yes	1	10	yes	1	10	yes	1	10	no	0	1	no	0	1	no	0	1	yes	1	10	no	0	1	no	0	1	yes	1	10	yes	1	10	no	0	1	no	0	1	no	0	1	no	0	1	yes	1	10	no	0	1	yes	1	10	no	yes	no:43 yes:46
25	Properties/FAIRProps/ReusableProps/DkNetMetadataLevel	datasetAndSubject	2	10.0000	datasetAndSubject	2	10.0000	dataset	1	5.5000	dataset	1	5.5000	dataset	1	5.5000	dataset	1	5.5000	datasetAndSubject	2	10.0000	dataset	1	5.5000	dataset	1	5.5000	dataset	1	5.5000	dataset	1	5.5000	dataset	1	5.5000	dataset	1	5.5000	dataset	1	5.5000	dataset	1	5.5000	datasetAndSubject	2	10.0000	none	0	1.0000	none	0	1.0000	none	0	1.0000	datasetAndSubject	2	10.0000	none	0	1.0000	dataset	1	5.5000	dataset	1	5.5000	none	0	1.0000	dataset	1	5.5000	dataset	1	5.5000	datasetAndSubject	2	10.0000	none	0	1.0000	none	0	1.0000	dataset	1	5.5000	none	0	1.0000	dataset	1	5.5000	dataset	1	5.5000	dataset	1	5.5000	dataset	1	5.5000	none	0	1.0000	none	0	1.0000	none	0	1.0000	dataset	1	5.5000	dataset	1	5.5000	dataset	1	5.5000	none	0	1.0000	none	0	1.0000	dataset	1	5.5000	none	0	1.0000	none	0	1.0000	dataset	1	5.5000	none	0	1.0000	none	0	1.0000	dataset	1	5.5000	dataset	1	5.5000	none	0	1.0000	dataset	1	5.5000	dataset	1	5.5000	none	0	1.0000	none	0	1.0000	none	0	1.0000	dataset	1	5.5000	dataset	1	5.5000	dataset	1	5.5000	dataset	1	5.5000	dataset	1	5.5000	dataset	1	5.5000	none	0	1.0000	dataset	1	5.5000	dataset	1	5.5000	dataset	1	5.5000	none	0	1.0000	none	0	1.0000	none	0	1.0000	dataset	1	5.5000	none	0	1.0000	none	0	1.0000	none	0	1.0000	none	0	1.0000	datasetAndSubject	2	10.0000	none	0	1.0000	dataset	1	5.5000	none	0	1.0000	none	0	1.0000	none	0	1.0000	none	0	1.0000	none	0	1.0000	none	0	1.0000	dataset	1	5.5000	dataset	1	5.5000	none	0	1.0000	dataset	1	5.5000	dataset	1	5.5000	none	datasetAndSubject	none:37 dataset:45 datasetAndSubject:7
26	Properties/FAIRProps/ReusableProps/ReuseLicense	datasetLevel	2	10.0000	none	0	1.0000	repositoryLevel	1	5.5000	none	0	1.0000	datasetLevel	2	10.0000	datasetLevel	2	10.0000	datasetLevel	2	10.0000	none	0	1.0000	repositoryLevel	1	5.5000	none	0	1.0000	none	0	1.0000	datasetLevel	2	10.0000	none	0	1.0000	none	0	1.0000	none	0	1.0000	none	0	1.0000	datasetLevel	2	10.0000	datasetLevel	2	10.0000	repositoryLevel	1	5.5000	none	0	1.0000	none	0	1.0000	repositoryLevel	1	5.5000	none	0	1.0000	none	0	1.0000	none	0	1.0000	none	0	1.0000	repositoryLevel	1	5.5000	repositoryLevel	1	5.5000	none	0	1.0000	none	0	1.0000	repositoryLevel	1	5.5000	none	0	1.0000	none	0	1.0000	none	0	1.0000	datasetLevel	2	10.0000	none	0	1.0000	repositoryLevel	1	5.5000	none	0	1.0000	datasetLevel	2	10.0000	none	0	1.0000	none	0	1.0000	none	0	1.0000	none	0	1.0000	none	0	1.0000	none	0	1.0000	none	0	1.0000	datasetLevel	2	10.0000	none	0	1.0000	datasetLevel	2	10.0000	none	0	1.0000	none	0	1.0000	none	0	1.0000	none	0	1.0000	none	0	1.0000	none	0	1.0000	none	0	1.0000	none	0	1.0000	none	0	1.0000	none	0	1.0000	datasetLevel	2	10.0000	repositoryLevel	1	5.5000	repositoryLevel	1	5.5000	datasetLevel	2	10.0000	none	0	1.0000	none	0	1.0000	none	0	1.0000	none	0	1.0000	repositoryLevel	1	5.5000	none	0	1.0000	none	0	1.0000	none	0	1.0000	none	0	1.0000	datasetLevel	2	10.0000	datasetLevel	2	10.0000	none	0	1.0000	datasetLevel	2	10.0000	datasetLevel	2	10.0000	datasetLevel	2	10.0000	repositoryLevel	1	5.5000	none	0	1.0000	none	0	1.0000	repositoryLevel	1	5.5000	none	0	1.0000	repositoryLevel	1	5.5000	datasetLevel	2	10.0000	none	0	1.0000	datasetLevel	2	10.0000	repositoryLevel	1	5.5000	datasetLevel	2	10.0000	none	datasetLevel	none:53 repositoryLevel:15 datasetLevel:21
27	Properties/TrustworthinessProps/GovernanceTransparency	partial	1	5.5000	partial	1	5.5000	partial	1	5.5000	partial	1	5.5000	partial	1	5.5000	partial	1	5.5000	full	2	10.0000	opaque	0	1.0000	partial	1	5.5000	partial	1	5.5000	partial	1	5.5000	partial	1	5.5000	opaque	0	1.0000	partial	1	5.5000	partial	1	5.5000	partial	1	5.5000	opaque	0	1.0000	partial	1	5.5000	partial	1	5.5000	full	2	10.0000	partial	1	5.5000	full	2	10.0000	partial	1	5.5000	opaque	0	1.0000	partial	1	5.5000	partial	1	5.5000	partial	1	5.5000	partial	1	5.5000	opaque	0	1.0000	opaque	0	1.0000	opaque	0	1.0000	partial	1	5.5000	partial	1	5.5000	partial	1	5.5000	partial	1	5.5000	partial	1	5.5000	full	2	10.0000	partial	1	5.5000	partial	1	5.5000	partial	1	5.5000	partial	1	5.5000	partial	1	5.5000	partial	1	5.5000	partial	1	5.5000	partial	1	5.5000	partial	1	5.5000	partial	1	5.5000	partial	1	5.5000	full	2	10.0000	opaque	0	1.0000	partial	1	5.5000	partial	1	5.5000	partial	1	5.5000	full	2	10.0000	partial	1	5.5000	partial	1	5.5000	partial	1	5.5000	partial	1	5.5000	partial	1	5.5000	partial	1	5.5000	partial	1	5.5000	partial	1	5.5000	partial	1	5.5000	opaque	0	1.0000	partial	1	5.5000	partial	1	5.5000	partial	1	5.5000	partial	1	5.5000	partial	1	5.5000	partial	1	5.5000	partial	1	5.5000	full	2	10.0000	partial	1	5.5000	partial	1	5.5000	partial	1	5.5000	partial	1	5.5000	partial	1	5.5000	partial	1	5.5000	opaque	0	1.0000	partial	1	5.5000	partial	1	5.5000	partial	1	5.5000	partial	1	5.5000	opaque	0	1.0000	partial	1	5.5000	partial	1	5.5000	opaque	0	1.0000	full	2	10.0000	partial	1	5.5000	opaque	full	opaque:12 partial:69 full:8
28	Properties/TrustworthinessProps/SourceOpen	partially	1	5.5000	no	0	1.0000	partially	1	5.5000	no	0	1.0000	yes	2	10.0000	yes	2	10.0000	yes	2	10.0000	no	0	1.0000	partially	1	5.5000	no	0	1.0000	no	0	1.0000	yes	2	10.0000	partially	1	5.5000	no	0	1.0000	partially	1	5.5000	no	0	1.0000	no	0	1.0000	partially	1	5.5000	partially	1	5.5000	yes	2	10.0000	no	0	1.0000	partially	1	5.5000	no	0	1.0000	no	0	1.0000	no	0	1.0000	no	0	1.0000	partially	1	5.5000	partially	1	5.5000	no	0	1.0000	no	0	1.0000	no	0	1.0000	partially	1	5.5000	no	0	1.0000	no	0	1.0000	no	0	1.0000	yes	2	10.0000	yes	2	10.0000	partially	1	5.5000	partially	1	5.5000	no	0	1.0000	no	0	1.0000	partially	1	5.5000	no	0	1.0000	no	0	1.0000	no	0	1.0000	partially	1	5.5000	partially	1	5.5000	partially	1	5.5000	no	0	1.0000	no	0	1.0000	no	0	1.0000	partially	1	5.5000	no	0	1.0000	yes	2	10.0000	no	0	1.0000	no	0	1.0000	no	0	1.0000	no	0	1.0000	no	0	1.0000	no	0	1.0000	partially	1	5.5000	partially	1	5.5000	partially	1	5.5000	no	0	1.0000	no	0	1.0000	partially	1	5.5000	partially	1	5.5000	no	0	1.0000	no	0	1.0000	no	0	1.0000	no	0	1.0000	partially	1	5.5000	no	0	1.0000	partially	1	5.5000	partially	1	5.5000	yes	2	10.0000	yes	2	10.0000	no	0	1.0000	partially	1	5.5000	partially	1	5.5000	no	0	1.0000	no	0	1.0000	partially	1	5.5000	no	0	1.0000	no	0	1.0000	partially	1	5.5000	yes	2	10.0000	partially	1	5.5000	partially	1	5.5000	no	yes	no:46 partially:32 yes:11
29	Properties/TrustworthinessProps/StakeholderGovernance	good	2	7.0000	full	3	10.0000	good	2	7.0000	none	0	1.0000	weak	1	4.0000	weak	1	4.0000	good	2	7.0000		-1	1	weak	1	4.0000	good	2	7.0000	none	0	1.0000	good	2	7.0000		-1	1	none	0	1.0000	weak	1	4.0000	good	2	7.0000		-1	1	full	3	10.0000	full	3	10.0000	full	3	10.0000	good	2	7.0000	full	3	10.0000	good	2	7.0000		-1	1	weak	1	4.0000	good	2	7.0000	full	3	10.0000	good	2	7.0000		-1	1		-1	1		-1	1	good	2	7.0000	weak	1	4.0000	good	2	7.0000	weak	1	4.0000	none	0	1.0000	good	2	7.0000	good	2	7.0000	good	2	7.0000	good	2	7.0000	good	2	7.0000	weak	1	4.0000	good	2	7.0000	weak	1	4.0000	good	2	7.0000	weak	1	4.0000	weak	1	4.0000	weak	1	4.0000	full	3	10.0000		-1	1	good	2	7.0000	good	2	7.0000	good	2	7.0000	good	2	7.0000	weak	1	4.0000	weak	1	4.0000	weak	1	4.0000	weak	1	4.0000	good	2	7.0000	weak	1	4.0000	good	2	7.0000	good	2	7.0000	weak	1	4.0000		-1	1	good	2	7.0000	good	2	7.0000	good	2	7.0000	weak	1	4.0000	good	2	7.0000	good	2	7.0000	good	2	7.0000	good	2	7.0000	weak	1	4.0000	weak	1	4.0000	good	2	7.0000	good	2	7.0000	good	2	7.0000	good	2	7.0000		-1	1	good	2	7.0000	weak	1	4.0000	good	2	7.0000	good	2	7.0000		-1	1	none	0	1.0000	weak	1	4.0000		-1	1	good	2	7.0000	good	2	7.0000		full	none:5 weak:23 good:42 full:7
30	Properties/OpenProps/Restrictions	minimal	1	5.5000	none	0	1.0000	minimal	1	5.5000	none	0	1.0000	minimal	1	5.5000	none	0	1.0000	none	0	1.0000	none	0	1.0000	none	0	1.0000	minimal	1	5.5000	none	0	1.0000	minimal	1	5.5000	none	0	1.0000	minimal	1	5.5000	none	0	1.0000	none	0	1.0000	none	0	1.0000	minimal	1	5.5000	none	0	1.0000	none	0	1.0000	none	0	1.0000	minimal	1	5.5000	minimal	1	5.5000	minimal	1	5.5000	none	0	1.0000	none	0	1.0000	none	0	1.0000	minimal	1	5.5000	none	0	1.0000	none	0	1.0000	minimal	1	5.5000	none	0	1.0000	minimal	1	5.5000	minimal	1	5.5000	minimal	1	5.5000	none	0	1.0000	none	0	1.0000	none	0	1.0000	none	0	1.0000	none	0	1.0000	significant	2	10.0000	none	0	1.0000	none	0	1.0000	none	0	1.0000	significant	2	10.0000	none	0	1.0000	none	0	1.0000	none	0	1.0000	none	0	1.0000	none	0	1.0000	none	0	1.0000	none	0	1.0000	significant	2	10.0000	none	0	1.0000	significant	2	10.0000	significant	2	10.0000	none	0	1.0000	none	0	1.0000	none	0	1.0000	minimal	1	5.5000	none	0	1.0000	none	0	1.0000	minimal	1	5.5000	none	0	1.0000	minimal	1	5.5000	none	0	1.0000	none	0	1.0000	none	0	1.0000	none	0	1.0000	none	0	1.0000	none	0	1.0000	minimal	1	5.5000	none	0	1.0000	none	0	1.0000	none	0	1.0000	minimal	1	5.5000	none	0	1.0000	none	0	1.0000	minimal	1	5.5000	none	0	1.0000	none	0	1.0000	significant	2	10.0000	significant	2	10.0000	significant	2	10.0000	significant	2	10.0000	minimal	1	5.5000	none	0	1.0000	minimal	1	5.5000	none	0	1.0000	none	significant	none:57 minimal:23 significant:9
31	Properties/OpenProps/CCLicenseCompliance	good	3	7.7500	none	1	3.2500	good	3	7.7500	none	1	3.2500	full	4	10.0000	good	3	7.7500	good	3	7.7500	none	1	3.2500	full	4	10.0000	none	1	3.2500	none	1	3.2500	full	4	10.0000	none	1	3.2500	none	1	3.2500	none	1	3.2500	none	1	3.2500	good	3	7.7500	good	3	7.7500	good	3	7.7500	none	1	3.2500	none	1	3.2500	good	3	7.7500	none	1	3.2500	none	1	3.2500	none	1	3.2500	none	1	3.2500	good	3	7.7500	good	3	7.7500	none	1	3.2500	none	1	3.2500	full	4	10.0000	none	1	3.2500	none	1	3.2500	none	1	3.2500	full	4	10.0000	none	1	3.2500	good	3	7.7500	none	1	3.2500	full	4	10.0000	none	1	3.2500	none	1	3.2500	none	1	3.2500	none	1	3.2500	none	1	3.2500	none	1	3.2500	none	1	3.2500	full	4	10.0000	none	1	3.2500	full	4	10.0000	none	1	3.2500	none	1	3.2500	none	1	3.2500	none	1	3.2500	none	1	3.2500	none	1	3.2500	none	1	3.2500	none	1	3.2500	none	1	3.2500	none	1	3.2500	good	3	7.7500	adequate	2	5.5000	full	4	10.0000	good	3	7.7500	none	1	3.2500	none	1	3.2500	none	1	3.2500	none	1	3.2500	adequate	2	5.5000	none	1	3.2500	none	1	3.2500	none	1	3.2500	none	1	3.2500	full	4	10.0000	full	4	10.0000	none	1	3.2500	full	4	10.0000	full	4	10.0000	full	4	10.0000	adequate	2	5.5000	none	1	3.2500	none	1	3.2500	adequate	2	5.5000	none	1	3.2500	adequate	2	5.5000	full	4	10.0000	none	1	3.2500	good	3	7.7500	good	3	7.7500	full	4	10.0000	none	full	nonCompliant:0 none:53 adequate:5 good:15 full:16
32	Properties/OpenProps/OpenFlags/openFormat	yes	1	10	yes	1	10	yes	1	10	yes	1	10	yes	1	10	yes	1	10	yes	1	10	no	0	1	no	0	1	yes	1	10	no	0	1	yes	1	10	no	0	1	no	0	1	no	0	1	yes	1	10	no	0	1	no	0	1	no	0	1	yes	1	10	no	0	1	yes	1	10	no	0	1	no	0	1	no	0	1	no	0	1	yes	1	10	yes	1	10	yes	1	10	yes	1	10	yes	1	10	yes	1	10	no	0	1	yes	1	10	yes	1	10	no	0	1	yes	1	10	no	0	1	yes	1	10	no	0	1	no	0	1	yes	1	10	no	0	1	yes	1	10	no	0	1	no	0	1	yes	1	10	no	0	1	yes	1	10	no	0	1	no	0	1	no	0	1	no	0	1	no	0	1	no	0	1	no	0	1	no	0	1	no	0	1	no	0	1	yes	1	10	no	0	1	no	0	1	yes	1	10	yes	1	10	no	0	1	no	0	1	no	0	1	no	0	1	no	0	1	no	0	1	no	0	1	no	0	1	yes	1	10	yes	1	10	yes	1	10	yes	1	10	yes	1	10	yes	1	10	no	0	1	yes	1	10	no	0	1	no	0	1	no	0	1	no	0	1	no	0	1	no	0	1	yes	1	10	yes	1	10	yes	1	10	no	yes	no:50 yes:39
33	Properties/OpenProps/OpenFlags/platformSupportsDataWork	yes	1	10	yes	1	10	yes	1	10	no	0	1	yes	1	10	yes	1	10	yes	1	10	no	0	1	yes	1	10	yes	1	10	no	0	1	yes	1	10	no	0	1	yes	1	10	yes	1	10	yes	1	10	no	0	1	yes	1	10	yes	1	10	yes	1	10	yes	1	10	yes	1	10	yes	1	10	no	0	1	yes	1	10	yes	1	10	yes	1	10	no	0	1	yes	1	10	no	0	1	no	0	1	yes	1	10	yes	1	10	yes	1	10	no	0	1	no	0	1	no	0	1	no	0	1	yes	1	10	yes	1	10	yes	1	10	yes	1	10	yes	1	10	yes	1	10	no	0	1	yes	1	10	yes	1	10	yes	1	10	no	0	1	no	0	1	no	0	1	yes	1	10	no	0	1	no	0	1	no	0	1	no	0	1	no	0	1	no	0	1	no	0	1	no	0	1	yes	1	10	yes	1	10	yes	1	10	yes	1	10	no	0	1	no	0	1	yes	1	10	no	0	1	no	0	1	no	0	1	no	0	1	no	0	1	yes	1	10	yes	1	10	no	0	1	no	0	1	yes	1	10	yes	1	10	no	0	1	yes	1	10	yes	1	10	no	0	1	yes	1	10	yes	1	10	no	0	1	no	0	1	yes	1	10	no	0	1	yes	1	10	no	yes	no:39 yes:50
34	Properties/OpenProps/OpenFlags/ccLicenseOK	yes	1	10	no	0	1	yes	1	10	no	0	1	yes	1	10	yes	1	10	yes	1	10	no	0	1	yes	1	10	no	0	1	no	0	1	yes	1	10	no	0	1	no	0	1	no	0	1	no	0	1	yes	1	10	yes	1	10	yes	1	10	no	0	1	no	0	1	yes	1	10	no	0	1	no	0	1	no	0	1	no	0	1	yes	1	10	yes	1	10	no	0	1	no	0	1	yes	1	10	no	0	1	no	0	1	no	0	1	yes	1	10	no	0	1	yes	1	10	no	0	1	yes	1	10	no	0	1	no	0	1	no	0	1	no	0	1	no	0	1	no	0	1	no	0	1	yes	1	10	no	0	1	yes	1	10	no	0	1	no	0	1	no	0	1	no	0	1	no	0	1	no	0	1	no	0	1	no	0	1	no	0	1	no	0	1	yes	1	10	yes	1	10	yes	1	10	yes	1	10	no	0	1	no	0	1	no	0	1	no	0	1	yes	1	10	no	0	1	no	0	1	no	0	1	no	0	1	yes	1	10	yes	1	10	no	0	1	yes	1	10	yes	1	10	yes	1	10	yes	1	10	no	0	1	no	0	1	yes	1	10	no	0	1	yes	1	10	yes	1	10	no	0	1	yes	1	10	yes	1	10	yes	1	10	no	yes	no:53 yes:36
35	Properties/OpenProps/OpenFlags/restrictionsNotJustified	no	0	1	no	0	1	no	0	1	no	0	1	no	0	1	no	0	1	no	0	1	no	0	1	no	0	1	no	0	1	no	0	1	no	0	1	no	0	1	no	0	1	no	0	1	no	0	1	no	0	1	no	0	1	no	0	1	no	0	1	no	0	1	no	0	1	no	0	1	no	0	1	no	0	1	no	0	1	no	0	1	no	0	1	no	0	1	no	0	1	no	0	1	no	0	1	no	0	1	no	0	1	no	0	1	no	0	1	no	0	1	no	0	1	no	0	1	no	0	1	no	0	1	no	0	1	no	0	1	no	0	1	no	0	1	no	0	1	no	0	1	no	0	1	no	0	1	no	0	1	no	0	1	no	0	1	no	0	1	no	0	1	yes	1	10	no	0	1	no	0	1	no	0	1	no	0	1	no	0	1	no	0	1	no	0	1	no	0	1	no	0	1	no	0	1	no	0	1	no	0	1	no	0	1	no	0	1	no	0	1	no	0	1	no	0	1	no	0	1	no	0	1	no	0	1	no	0	1	no	0	1	no	0	1	no	0	1	no	0	1	no	0	1	no	0	1	no	0	1	yes	1	10	no	0	1	no	0	1	no	0	1	no	0	1	no	0	1	no	yes	no:87 yes:2
36	Properties/CitableProps/MachineReadableLandingPage	exists	1	5.5000	exists	1	5.5000	exists	1	5.5000	exists	1	5.5000	supportsDataCitation	2	10.0000	exists	1	5.5000	supportsDataCitation	2	10.0000	exists	1	5.5000	supportsDataCitation	2	10.0000	supportsDataCitation	2	10.0000	none	0	1.0000	supportsDataCitation	2	10.0000	exists	1	5.5000	exists	1	5.5000	supportsDataCitation	2	10.0000	supportsDataCitation	2	10.0000	none	0	1.0000	exists	1	5.5000	supportsDataCitation	2	10.0000	exists	1	5.5000	none	0	1.0000	supportsDataCitation	2	10.0000	exists	1	5.5000	exists	1	5.5000	none	0	1.0000	exists	1	5.5000	exists	1	5.5000	none	0	1.0000	none	0	1.0000	exists	1	5.5000	none	0	1.0000	supportsDataCitation	2	10.0000	exists	1	5.5000	none	0	1.0000	supportsDataCitation	2	10.0000	supportsDataCitation	2	10.0000	none	0	1.0000	exists	1	5.5000	supportsDataCitation	2	10.0000	supportsDataCitation	2	10.0000	exists	1	5.5000	none	0	1.0000	none	0	1.0000	none	0	1.0000	exists	1	5.5000	supportsDataCitation	2	10.0000	supportsDataCitation	2	10.0000	none	0	1.0000	supportsDataCitation	2	10.0000	exists	1	5.5000	exists	1	5.5000	none	0	1.0000	none	0	1.0000	none	0	1.0000	none	0	1.0000	none	0	1.0000	none	0	1.0000	none	0	1.0000	none	0	1.0000	exists	1	5.5000	none	0	1.0000	none	0	1.0000	supportsDataCitation	2	10.0000	exists	1	5.5000	exists	1	5.5000	exists	1	5.5000	none	0	1.0000	exists	1	5.5000	none	0	1.0000	none	0	1.0000	none	0	1.0000	exists	1	5.5000	supportsDataCitation	2	10.0000	exists	1	5.5000	none	0	1.0000	supportsDataCitation	2	10.0000	exists	1	5.5000	exists	1	5.5000	supportsDataCitation	2	10.0000	none	0	1.0000	exists	1	5.5000	none	0	1.0000	none	0	1.0000	exists	1	5.5000	none	0	1.0000	none	0	1.0000	supportsDataCitation	2	10.0000	supportsDataCitation	2	10.0000	exists	1	5.5000	none	supportsDataCitation	none:33 exists:33 supportsDataCitation:23
37	Properties/CitableProps/CitationMetadataLevel	full	2	10.0000	partial	1	5.5000	partial	1	5.5000	partial	1	5.5000	full	2	10.0000	full	2	10.0000	full	2	10.0000	partial	1	5.5000	full	2	10.0000	full	2	10.0000	partial	1	5.5000	full	2	10.0000	partial	1	5.5000	partial	1	5.5000	partial	1	5.5000	full	2	10.0000	partial	1	5.5000	full	2	10.0000	full	2	10.0000	full	2	10.0000	partial	1	5.5000	partial	1	5.5000	none	0	1.0000	none	0	1.0000	partial	1	5.5000	partial	1	5.5000	partial	1	5.5000	partial	1	5.5000	none	0	1.0000	partial	1	5.5000	none	0	1.0000	partial	1	5.5000	none	0	1.0000	partial	1	5.5000	full	2	10.0000	partial	1	5.5000	partial	1	5.5000	partial	1	5.5000	full	2	10.0000	none	0	1.0000	partial	1	5.5000	none	0	1.0000	none	0	1.0000	none	0	1.0000	none	0	1.0000	partial	1	5.5000	full	2	10.0000	partial	1	5.5000	full	2	10.0000	none	0	1.0000	partial	1	5.5000	none	0	1.0000	none	0	1.0000	none	0	1.0000	none	0	1.0000	none	0	1.0000	none	0	1.0000	none	0	1.0000	partial	1	5.5000	full	2	10.0000	partial	1	5.5000	partial	1	5.5000	full	2	10.0000	none	0	1.0000	partial	1	5.5000	full	2	10.0000	none	0	1.0000	none	0	1.0000	none	0	1.0000	none	0	1.0000	partial	1	5.5000	partial	1	5.5000	full	2	10.0000	full	2	10.0000	none	0	1.0000	partial	1	5.5000	none	0	1.0000	partial	1	5.5000	none	0	1.0000	none	0	1.0000	partial	1	5.5000	partial	1	5.5000	none	0	1.0000	none	0	1.0000	none	0	1.0000	partial	1	5.5000	full	2	10.0000	none	0	1.0000	partial	1	5.5000	none	full	none:31 partial:37 full:21
38	Properties/CitableProps/OrcidAssociation	none	0	1.0000	none	0	1.0000	none	0	1.0000	none	0	1.0000	none	0	1.0000	none	0	1.0000	required	2	10.0000	none	0	1.0000	supported	1	5.5000	supported	1	5.5000	none	0	1.0000	supported	1	5.5000	none	0	1.0000	none	0	1.0000	none	0	1.0000	none	0	1.0000	none	0	1.0000	supported	1	5.5000	supported	1	5.5000	none	0	1.0000	none	0	1.0000	required	2	10.0000	none	0	1.0000	none	0	1.0000	none	0	1.0000	none	0	1.0000	none	0	1.0000	none	0	1.0000	none	0	1.0000	none	0	1.0000	none	0	1.0000	required	2	10.0000	none	0	1.0000	none	0	1.0000	supported	1	5.5000	none	0	1.0000	none	0	1.0000	none	0	1.0000	none	0	1.0000	supported	1	5.5000	none	0	1.0000	none	0	1.0000	none	0	1.0000	none	0	1.0000	none	0	1.0000	none	0	1.0000	none	0	1.0000	none	0	1.0000	required	2	10.0000	none	0	1.0000	supported	1	5.5000	supported	1	5.5000	none	0	1.0000	none	0	1.0000	required	2	10.0000	none	0	1.0000	none	0	1.0000	none	0	1.0000	none	0	1.0000	none	0	1.0000	none	0	1.0000	none	0	1.0000	none	0	1.0000	none	0	1.0000	none	0	1.0000	none	0	1.0000	none	0	1.0000	none	0	1.0000	none	0	1.0000	none	0	1.0000	required	2	10.0000	supported	1	5.5000	none	0	1.0000	none	0	1.0000	none	0	1.0000	none	0	1.0000	none	0	1.0000	supported	1	5.5000	none	0	1.0000	none	0	1.0000	none	0	1.0000	none	0	1.0000	none	0	1.0000	none	0	1.0000	none	0	1.0000	supported	1	5.5000	supported	1	5.5000	supported	1	5.5000	none	0	1.0000	none	required	none:69 supported:14 required:6
39	Trustworthy	minorConcerns	1	5.5000	minorConcerns	1	5.5000	minorConcerns	1	5.5000	minorConcerns	1	5.5000	minorConcerns	1	5.5000	minorConcerns	1	5.5000	minorConcerns	1	5.5000	minorConcerns	1	5.5000	minorConcerns	1	5.5000	minorConcerns	1	5.5000	minorConcerns	1	5.5000	minorConcerns	1	5.5000	minorConcerns	1	5.5000	minorConcerns	1	5.5000	minorConcerns	1	5.5000	minorConcerns	1	5.5000	minorConcerns	1	5.5000	minorConcerns	1	5.5000	minorConcerns	1	5.5000	noConcerns	2	10.0000	minorConcerns	1	5.5000	minorConcerns	1	5.5000	minorConcerns	1	5.5000	minorConcerns	1	5.5000	minorConcerns	1	5.5000	minorConcerns	1	5.5000	minorConcerns	1	5.5000	minorConcerns	1	5.5000	minorConcerns	1	5.5000	minorConcerns	1	5.5000	minorConcerns	1	5.5000	minorConcerns	1	5.5000	minorConcerns	1	5.5000	minorConcerns	1	5.5000	minorConcerns	1	5.5000	minorConcerns	1	5.5000	minorConcerns	1	5.5000	minorConcerns	1	5.5000	minorConcerns	1	5.5000	minorConcerns	1	5.5000	minorConcerns	1	5.5000	minorConcerns	1	5.5000	minorConcerns	1	5.5000	minorConcerns	1	5.5000	minorConcerns	1	5.5000	minorConcerns	1	5.5000	minorConcerns	1	5.5000	minorConcerns	1	5.5000	minorConcerns	1	5.5000	minorConcerns	1	5.5000	minorConcerns	1	5.5000	minorConcerns	1	5.5000	minorConcerns	1	5.5000	minorConcerns	1	5.5000	minorConcerns	1	5.5000	minorConcerns	1	5.5000	minorConcerns	1	5.5000	minorConcerns	1	5.5000	minorConcerns	1	5.5000	minorConcerns	1	5.5000	minorConcerns	1	5.5000	minorConcerns	1	5.5000	minorConcerns	1	5.5000	minorConcerns	1	5.5000	noConcerns	2	10.0000	minorConcerns	1	5.5000	minorConcerns	1	5.5000	minorConcerns	1	5.5000	minorConcerns	1	5.5000	minorConcerns	1	5.5000	minorConcerns	1	5.5000	noConcerns	2	10.0000	minorConcerns	1	5.5000	minorConcerns	1	5.5000	minorConcerns	1	5.5000	minorConcerns	1	5.5000	minorConcerns	1	5.5000	minorConcerns	1	5.5000	minorConcerns	1	5.5000	minorConcerns	1	5.5000	minorConcerns	1	5.5000	minorConcerns	1	5.5000	minorConcerns	1	5.5000	minorConcerns	1	5.5000	minorConcerns	1	5.5000	minorConcerns	1	5.5000	minorConcerns	1	5.5000	minorConcerns	1	5.5000	minorConcerns	1	5.5000	minorConcerns	noConcerns	significantConcerns:0 minorConcerns:86 noConcerns:3
40	Citable	partiallyCitable	1	5.5000	partiallyCitable	1	5.5000	partiallyCitable	1	5.5000	partiallyCitable	1	5.5000	fullyCitable	2	10.0000	partiallyCitable	1	5.5000	fullyCitable	2	10.0000	partiallyCitable	1	5.5000	fullyCitable	2	10.0000	fullyCitable	2	10.0000	partiallyCitable	1	5.5000	fullyCitable	2	10.0000	partiallyCitable	1	5.5000	partiallyCitable	1	5.5000	partiallyCitable	1	5.5000	fullyCitable	2	10.0000	partiallyCitable	1	5.5000	partiallyCitable	1	5.5000	fullyCitable	2	10.0000	partiallyCitable	1	5.5000	partiallyCitable	1	5.5000	partiallyCitable	1	5.5000	partiallyCitable	1	5.5000	partiallyCitable	1	5.5000	partiallyCitable	1	5.5000	partiallyCitable	1	5.5000	partiallyCitable	1	5.5000	partiallyCitable	1	5.5000	notCitable	0	1.0000	partiallyCitable	1	5.5000	notCitable	0	1.0000	partiallyCitable	1	5.5000	partiallyCitable	1	5.5000	partiallyCitable	1	5.5000	fullyCitable	2	10.0000	partiallyCitable	1	5.5000	partiallyCitable	1	5.5000	partiallyCitable	1	5.5000	fullyCitable	2	10.0000	partiallyCitable	1	5.5000	partiallyCitable	1	5.5000	notCitable	0	1.0000	notCitable	0	1.0000	notCitable	0	1.0000	partiallyCitable	1	5.5000	partiallyCitable	1	5.5000	fullyCitable	2	10.0000	partiallyCitable	1	5.5000	fullyCitable	2	10.0000	partiallyCitable	1	5.5000	partiallyCitable	1	5.5000	partiallyCitable	1	5.5000	notCitable	0	1.0000	notCitable	0	1.0000	partiallyCitable	1	5.5000	notCitable	0	1.0000	notCitable	0	1.0000	notCitable	0	1.0000	partiallyCitable	1	5.5000	partiallyCitable	1	5.5000	partiallyCitable	1	5.5000	partiallyCitable	1	5.5000	fullyCitable	2	10.0000	partiallyCitable	1	5.5000	partiallyCitable	1	5.5000	partiallyCitable	1	5.5000	notCitable	0	1.0000	partiallyCitable	1	5.5000	notCitable	0	1.0000	notCitable	0	1.0000	partiallyCitable	1	5.5000	partiallyCitable	1	5.5000	fullyCitable	2	10.0000	partiallyCitable	1	5.5000	notCitable	0	1.0000	partiallyCitable	1	5.5000	partiallyCitable	1	5.5000	partiallyCitable	1	5.5000	partiallyCitable	1	5.5000	notCitable	0	1.0000	partiallyCitable	1	5.5000	partiallyCitable	1	5.5000	notCitable	0	1.0000	partiallyCitable	1	5.5000	notCitable	0	1.0000	partiallyCitable	1	5.5000	fullyCitable	2	10.0000	partiallyCitable	1	5.5000	partiallyCitable	1	5.5000	notCitable	fullyCitable	notCitable:17 partiallyCitable:58 fullyCitable:14
41	Open	partiallyOpen	1	5.5000	partiallyOpen	1	5.5000	partiallyOpen	1	5.5000	partiallyOpen	1	5.5000	partiallyOpen	1	5.5000	fullyOpen	2	10.0000	fullyOpen	2	10.0000	partiallyOpen	1	5.5000	partiallyOpen	1	5.5000	partiallyOpen	1	5.5000	partiallyOpen	1	5.5000	partiallyOpen	1	5.5000	partiallyOpen	1	5.5000	partiallyOpen	1	5.5000	partiallyOpen	1	5.5000	partiallyOpen	1	5.5000	partiallyOpen	1	5.5000	partiallyOpen	1	5.5000	partiallyOpen	1	5.5000	partiallyOpen	1	5.5000	partiallyOpen	1	5.5000	partiallyOpen	1	5.5000	partiallyOpen	1	5.5000	partiallyOpen	1	5.5000	partiallyOpen	1	5.5000	partiallyOpen	1	5.5000	fullyOpen	2	10.0000	partiallyOpen	1	5.5000	partiallyOpen	1	5.5000	partiallyOpen	1	5.5000	partiallyOpen	1	5.5000	partiallyOpen	1	5.5000	partiallyOpen	1	5.5000	partiallyOpen	1	5.5000	partiallyOpen	1	5.5000	partiallyOpen	1	5.5000	partiallyOpen	1	5.5000	partiallyOpen	1	5.5000	fullyOpen	2	10.0000	partiallyOpen	1	5.5000	partiallyOpen	1	5.5000	partiallyOpen	1	5.5000	partiallyOpen	1	5.5000	partiallyOpen	1	5.5000	closed	0	1.0000	partiallyOpen	1	5.5000	fullyOpen	2	10.0000	partiallyOpen	1	5.5000	partiallyOpen	1	5.5000	partiallyOpen	1	5.5000	partiallyOpen	1	5.5000	partiallyOpen	1	5.5000	closed	0	1.0000	partiallyOpen	1	5.5000	closed	0	1.0000	closed	0	1.0000	partiallyOpen	1	5.5000	partiallyOpen	1	5.5000	partiallyOpen	1	5.5000	partiallyOpen	1	5.5000	partiallyOpen	1	5.5000	partiallyOpen	1	5.5000	partiallyOpen	1	5.5000	partiallyOpen	1	5.5000	partiallyOpen	1	5.5000	partiallyOpen	1	5.5000	partiallyOpen	1	5.5000	partiallyOpen	1	5.5000	partiallyOpen	1	5.5000	partiallyOpen	1	5.5000	partiallyOpen	1	5.5000	partiallyOpen	1	5.5000	fullyOpen	2	10.0000	fullyOpen	2	10.0000	partiallyOpen	1	5.5000	partiallyOpen	1	5.5000	fullyOpen	2	10.0000	fullyOpen	2	10.0000	partiallyOpen	1	5.5000	partiallyOpen	1	5.5000	partiallyOpen	1	5.5000	partiallyOpen	1	5.5000	partiallyOpen	1	5.5000	partiallyOpen	1	5.5000	partiallyOpen	1	5.5000	partiallyOpen	1	5.5000	fullyOpen	2	10.0000	partiallyOpen	1	5.5000	fullyOpen	2	10.0000	closed	fullyOpen	closed:4 partiallyOpen:74 fullyOpen:11
42	FAIR/Accessible	partiallyAccessible	1	5.5000	partiallyAccessible	1	5.5000	partiallyAccessible	1	5.5000	partiallyAccessible	1	5.5000	partiallyAccessible	1	5.5000	partiallyAccessible	1	5.5000	partiallyAccessible	1	5.5000	partiallyAccessible	1	5.5000	partiallyAccessible	1	5.5000	partiallyAccessible	1	5.5000	partiallyAccessible	1	5.5000	fullyAccessible	2	10.0000	partiallyAccessible	1	5.5000	partiallyAccessible	1	5.5000	partiallyAccessible	1	5.5000	partiallyAccessible	1	5.5000	partiallyAccessible	1	5.5000	fullyAccessible	2	10.0000	partiallyAccessible	1	5.5000	partiallyAccessible	1	5.5000	notAccessible	0	1.0000	partiallyAccessible	1	5.5000	partiallyAccessible	1	5.5000	notAccessible	0	1.0000	partiallyAccessible	1	5.5000	partiallyAccessible	1	5.5000	partiallyAccessible	1	5.5000	partiallyAccessible	1	5.5000	partiallyAccessible	1	5.5000	partiallyAccessible	1	5.5000	partiallyAccessible	1	5.5000	partiallyAccessible	1	5.5000	partiallyAccessible	1	5.5000	partiallyAccessible	1	5.5000	partiallyAccessible	1	5.5000	partiallyAccessible	1	5.5000	partiallyAccessible	1	5.5000	partiallyAccessible	1	5.5000	partiallyAccessible	1	5.5000	partiallyAccessible	1	5.5000	partiallyAccessible	1	5.5000	partiallyAccessible	1	5.5000	partiallyAccessible	1	5.5000	partiallyAccessible	1	5.5000	partiallyAccessible	1	5.5000	partiallyAccessible	1	5.5000	partiallyAccessible	1	5.5000	partiallyAccessible	1	5.5000	partiallyAccessible	1	5.5000	notAccessible	0	1.0000	partiallyAccessible	1	5.5000	partiallyAccessible	1	5.5000	notAccessible	0	1.0000	partiallyAccessible	1	5.5000	partiallyAccessible	1	5.5000	notAccessible	0	1.0000	partiallyAccessible	1	5.5000	partiallyAccessible	1	5.5000	partiallyAccessible	1	5.5000	partiallyAccessible	1	5.5000	partiallyAccessible	1	5.5000	partiallyAccessible	1	5.5000	partiallyAccessible	1	5.5000	partiallyAccessible	1	5.5000	partiallyAccessible	1	5.5000	partiallyAccessible	1	5.5000	partiallyAccessible	1	5.5000	partiallyAccessible	1	5.5000	partiallyAccessible	1	5.5000	partiallyAccessible	1	5.5000	partiallyAccessible	1	5.5000	partiallyAccessible	1	5.5000	partiallyAccessible	1	5.5000	partiallyAccessible	1	5.5000	partiallyAccessible	1	5.5000	partiallyAccessible	1	5.5000	partiallyAccessible	1	5.5000	partiallyAccessible	1	5.5000	partiallyAccessible	1	5.5000	partiallyAccessible	1	5.5000	notAccessible	0	1.0000	partiallyAccessible	1	5.5000	notAccessible	0	1.0000	partiallyAccessible	1	5.5000	partiallyAccessible	1	5.5000	partiallyAccessible	1	5.5000	fullyAccessible	2	10.0000	partiallyAccessible	1	5.5000	partiallyAccessible	1	5.5000	notAccessible	fullyAccessible	notAccessible:7 partiallyAccessible:79 fullyAccessible:3
43	FAIR/Interoperable	partiallyInteroperable	1	5.5000	partiallyInteroperable	1	5.5000	partiallyInteroperable	1	5.5000	partiallyInteroperable	1	5.5000	notInteroperable	0	1.0000	partiallyInteroperable	1	5.5000	fullyInteroperable	2	10.0000	partiallyInteroperable	1	5.5000	partiallyInteroperable	1	5.5000	partiallyInteroperable	1	5.5000	partiallyInteroperable	1	5.5000	partiallyInteroperable	1	5.5000	partiallyInteroperable	1	5.5000	partiallyInteroperable	1	5.5000	partiallyInteroperable	1	5.5000	partiallyInteroperable	1	5.5000	notInteroperable	0	1.0000	fullyInteroperable	2	10.0000	partiallyInteroperable	1	5.5000	fullyInteroperable	2	10.0000	partiallyInteroperable	1	5.5000	partiallyInteroperable	1	5.5000	partiallyInteroperable	1	5.5000	partiallyInteroperable	1	5.5000	fullyInteroperable	2	10.0000	partiallyInteroperable	1	5.5000	partiallyInteroperable	1	5.5000	partiallyInteroperable	1	5.5000	partiallyInteroperable	1	5.5000	partiallyInteroperable	1	5.5000	partiallyInteroperable	1	5.5000	fullyInteroperable	2	10.0000	partiallyInteroperable	1	5.5000	partiallyInteroperable	1	5.5000	partiallyInteroperable	1	5.5000	partiallyInteroperable	1	5.5000	partiallyInteroperable	1	5.5000	fullyInteroperable	2	10.0000	partiallyInteroperable	1	5.5000	partiallyInteroperable	1	5.5000	fullyInteroperable	2	10.0000	partiallyInteroperable	1	5.5000	partiallyInteroperable	1	5.5000	partiallyInteroperable	1	5.5000	notInteroperable	0	1.0000	partiallyInteroperable	1	5.5000	partiallyInteroperable	1	5.5000	partiallyInteroperable	1	5.5000	partiallyInteroperable	1	5.5000	partiallyInteroperable	1	5.5000	partiallyInteroperable	1	5.5000	partiallyInteroperable	1	5.5000	notInteroperable	0	1.0000	partiallyInteroperable	1	5.5000	partiallyInteroperable	1	5.5000	notInteroperable	0	1.0000	partiallyInteroperable	1	5.5000	partiallyInteroperable	1	5.5000	fullyInteroperable	2	10.0000	partiallyInteroperable	1	5.5000	fullyInteroperable	2	10.0000	fullyInteroperable	2	10.0000	fullyInteroperable	2	10.0000	partiallyInteroperable	1	5.5000	partiallyInteroperable	1	5.5000	fullyInteroperable	2	10.0000	partiallyInteroperable	1	5.5000	notInteroperable	0	1.0000	partiallyInteroperable	1	5.5000	partiallyInteroperable	1	5.5000	fullyInteroperable	2	10.0000	partiallyInteroperable	1	5.5000	partiallyInteroperable	1	5.5000	partiallyInteroperable	1	5.5000	partiallyInteroperable	1	5.5000	partiallyInteroperable	1	5.5000	partiallyInteroperable	1	5.5000	partiallyInteroperable	1	5.5000	partiallyInteroperable	1	5.5000	fullyInteroperable	2	10.0000	partiallyInteroperable	1	5.5000	partiallyInteroperable	1	5.5000	partiallyInteroperable	1	5.5000	partiallyInteroperable	1	5.5000	notInteroperable	0	1.0000	partiallyInteroperable	1	5.5000	partiallyInteroperable	1	5.5000	partiallyInteroperable	1	5.5000	partiallyInteroperable	1	5.5000	notInteroperable	fullyInteroperable	notInteroperable:7 partiallyInteroperable:68 fullyInteroperable:14
44	FAIR/Findable	partiallyFindable	1	5.5000	partiallyFindable	1	5.5000	partiallyFindable	1	5.5000	partiallyFindable	1	5.5000	partiallyFindable	1	5.5000	partiallyFindable	1	5.5000	partiallyFindable	1	5.5000	partiallyFindable	1	5.5000	fullyFindable	2	10.0000	partiallyFindable	1	5.5000	partiallyFindable	1	5.5000	partiallyFindable	1	5.5000	fullyFindable	2	10.0000	partiallyFindable	1	5.5000	partiallyFindable	1	5.5000	fullyFindable	2	10.0000	partiallyFindable	1	5.5000	fullyFindable	2	10.0000	partiallyFindable	1	5.5000	fullyFindable	2	10.0000	partiallyFindable	1	5.5000	partiallyFindable	1	5.5000	fullyFindable	2	10.0000	partiallyFindable	1	5.5000	partiallyFindable	1	5.5000	partiallyFindable	1	5.5000	partiallyFindable	1	5.5000	partiallyFindable	1	5.5000	partiallyFindable	1	5.5000	partiallyFindable	1	5.5000	partiallyFindable	1	5.5000	partiallyFindable	1	5.5000	partiallyFindable	1	5.5000	partiallyFindable	1	5.5000	partiallyFindable	1	5.5000	partiallyFindable	1	5.5000	partiallyFindable	1	5.5000	partiallyFindable	1	5.5000	partiallyFindable	1	5.5000	partiallyFindable	1	5.5000	partiallyFindable	1	5.5000	partiallyFindable	1	5.5000	partiallyFindable	1	5.5000	partiallyFindable	1	5.5000	partiallyFindable	1	5.5000	partiallyFindable	1	5.5000	partiallyFindable	1	5.5000	partiallyFindable	1	5.5000	partiallyFindable	1	5.5000	partiallyFindable	1	5.5000	partiallyFindable	1	5.5000	partiallyFindable	1	5.5000	partiallyFindable	1	5.5000	partiallyFindable	1	5.5000	notFindable	0	1.0000	notFindable	0	1.0000	partiallyFindable	1	5.5000	partiallyFindable	1	5.5000	partiallyFindable	1	5.5000	fullyFindable	2	10.0000	partiallyFindable	1	5.5000	partiallyFindable	1	5.5000	partiallyFindable	1	5.5000	partiallyFindable	1	5.5000	fullyFindable	2	10.0000	partiallyFindable	1	5.5000	partiallyFindable	1	5.5000	partiallyFindable	1	5.5000	partiallyFindable	1	5.5000	partiallyFindable	1	5.5000	partiallyFindable	1	5.5000	partiallyFindable	1	5.5000	partiallyFindable	1	5.5000	partiallyFindable	1	5.5000	partiallyFindable	1	5.5000	partiallyFindable	1	5.5000	partiallyFindable	1	5.5000	partiallyFindable	1	5.5000	partiallyFindable	1	5.5000	partiallyFindable	1	5.5000	partiallyFindable	1	5.5000	partiallyFindable	1	5.5000	partiallyFindable	1	5.5000	partiallyFindable	1	5.5000	partiallyFindable	1	5.5000	partiallyFindable	1	5.5000	fullyFindable	2	10.0000	partiallyFindable	1	5.5000	partiallyFindable	1	5.5000	notFindable	fullyFindable	notFindable:2 partiallyFindable:78 fullyFindable:9
45	FAIR/Reusable	fullyReusable	2	10.0000	partiallyReusable	1	5.5000	partiallyReusable	1	5.5000	partiallyReusable	1	5.5000	partiallyReusable	1	5.5000	partiallyReusable	1	5.5000	fullyReusable	2	10.0000	partiallyReusable	1	5.5000	partiallyReusable	1	5.5000	fullyReusable	2	10.0000	partiallyReusable	1	5.5000	fullyReusable	2	10.0000	partiallyReusable	1	5.5000	partiallyReusable	1	5.5000	partiallyReusable	1	5.5000	fullyReusable	2	10.0000	notReusable	0	1.0000	partiallyReusable	1	5.5000	partiallyReusable	1	5.5000	partiallyReusable	1	5.5000	partiallyReusable	1	5.5000	partiallyReusable	1	5.5000	partiallyReusable	1	5.5000	partiallyReusable	1	5.5000	partiallyReusable	1	5.5000	fullyReusable	2	10.0000	fullyReusable	2	10.0000	partiallyReusable	1	5.5000	partiallyReusable	1	5.5000	partiallyReusable	1	5.5000	partiallyReusable	1	5.5000	partiallyReusable	1	5.5000	partiallyReusable	1	5.5000	fullyReusable	2	10.0000	partiallyReusable	1	5.5000	partiallyReusable	1	5.5000	partiallyReusable	1	5.5000	partiallyReusable	1	5.5000	fullyReusable	2	10.0000	partiallyReusable	1	5.5000	fullyReusable	2	10.0000	partiallyReusable	1	5.5000	partiallyReusable	1	5.5000	partiallyReusable	1	5.5000	partiallyReusable	1	5.5000	partiallyReusable	1	5.5000	fullyReusable	2	10.0000	partiallyReusable	1	5.5000	partiallyReusable	1	5.5000	partiallyReusable	1	5.5000	partiallyReusable	1	5.5000	partiallyReusable	1	5.5000	partiallyReusable	1	5.5000	partiallyReusable	1	5.5000	partiallyReusable	1	5.5000	notReusable	0	1.0000	partiallyReusable	1	5.5000	partiallyReusable	1	5.5000	fullyReusable	2	10.0000	partiallyReusable	1	5.5000	partiallyReusable	1	5.5000	partiallyReusable	1	5.5000	fullyReusable	2	10.0000	partiallyReusable	1	5.5000	partiallyReusable	1	5.5000	fullyReusable	2	10.0000	partiallyReusable	1	5.5000	notReusable	0	1.0000	partiallyReusable	1	5.5000	partiallyReusable	1	5.5000	partiallyReusable	1	5.5000	partiallyReusable	1	5.5000	partiallyReusable	1	5.5000	partiallyReusable	1	5.5000	partiallyReusable	1	5.5000	partiallyReusable	1	5.5000	partiallyReusable	1	5.5000	partiallyReusable	1	5.5000	partiallyReusable	1	5.5000	partiallyReusable	1	5.5000	partiallyReusable	1	5.5000	partiallyReusable	1	5.5000	partiallyReusable	1	5.5000	partiallyReusable	1	5.5000	partiallyReusable	1	5.5000	partiallyReusable	1	5.5000	partiallyReusable	1	5.5000	partiallyReusable	1	5.5000	partiallyReusable	1	5.5000	notReusable	fullyReusable	notReusable:3 partiallyReusable:72 fullyReusable:14
