row #	identifier	614b942a24e02.xml Answer Text	614b942a24e02.xml Answer Score	614b942a24e02.xml Answer Scaled	615dc2fbd22e0.xml Answer Text	615dc2fbd22e0.xml Answer Score	615dc2fbd22e0.xml Answer Scaled	61605fb58afad.xml Answer Text	61605fb58afad.xml Answer Score	61605fb58afad.xml Answer Scaled	61609c4c0f5e7.xml Answer Text	61609c4c0f5e7.xml Answer Score	61609c4c0f5e7.xml Answer Scaled	6164b707b77b7.xml Answer Text	6164b707b77b7.xml Answer Score	6164b707b77b7.xml Answer Scaled	6165b0f93475d.xml Answer Text	6165b0f93475d.xml Answer Score	6165b0f93475d.xml Answer Scaled	616710b6c03dd.xml Answer Text	616710b6c03dd.xml Answer Score	616710b6c03dd.xml Answer Scaled	616769a459812.xml Answer Text	616769a459812.xml Answer Score	616769a459812.xml Answer Scaled	61686ac4ad055.xml Answer Text	61686ac4ad055.xml Answer Score	61686ac4ad055.xml Answer Scaled	61686ff532d84.xml Answer Text	61686ff532d84.xml Answer Score	61686ff532d84.xml Answer Scaled	616f3cb72e148.xml Answer Text	616f3cb72e148.xml Answer Score	616f3cb72e148.xml Answer Scaled	6171cf99205e8.xml Answer Text	6171cf99205e8.xml Answer Score	6171cf99205e8.xml Answer Scaled	61732cf671895.xml Answer Text	61732cf671895.xml Answer Score	61732cf671895.xml Answer Scaled	61735aa7d68c3.xml Answer Text	61735aa7d68c3.xml Answer Score	61735aa7d68c3.xml Answer Scaled	6176c6b4dd317.xml Answer Text	6176c6b4dd317.xml Answer Score	6176c6b4dd317.xml Answer Scaled	6176dfa6ee87d.xml Answer Text	6176dfa6ee87d.xml Answer Score	6176dfa6ee87d.xml Answer Scaled	617742d14acc1.xml Answer Text	617742d14acc1.xml Answer Score	617742d14acc1.xml Answer Scaled	61782a0f4e570.xml Answer Text	61782a0f4e570.xml Answer Score	61782a0f4e570.xml Answer Scaled	61783dff71132.xml Answer Text	61783dff71132.xml Answer Score	61783dff71132.xml Answer Scaled	617864108327a.xml Answer Text	617864108327a.xml Answer Score	617864108327a.xml Answer Scaled	61799a43902aa.xml Answer Text	61799a43902aa.xml Answer Score	61799a43902aa.xml Answer Scaled	6179b959adabb.xml Answer Text	6179b959adabb.xml Answer Score	6179b959adabb.xml Answer Scaled	617acbeb92a09.xml Answer Text	617acbeb92a09.xml Answer Score	617acbeb92a09.xml Answer Scaled	617af27cbf803.xml Answer Text	617af27cbf803.xml Answer Score	617af27cbf803.xml Answer Scaled	617afee95d0df.xml Answer Text	617afee95d0df.xml Answer Score	617afee95d0df.xml Answer Scaled	617c7686bf811.xml Answer Text	617c7686bf811.xml Answer Score	617c7686bf811.xml Answer Scaled	618009bd3789a.xml Answer Text	618009bd3789a.xml Answer Score	618009bd3789a.xml Answer Scaled	6180580202271.xml Answer Text	6180580202271.xml Answer Score	6180580202271.xml Answer Scaled	6180631e0deb3.xml Answer Text	6180631e0deb3.xml Answer Score	6180631e0deb3.xml Answer Scaled	618169173a39c.xml Answer Text	618169173a39c.xml Answer Score	618169173a39c.xml Answer Scaled	61818011c4f4c.xml Answer Text	61818011c4f4c.xml Answer Score	61818011c4f4c.xml Answer Scaled	61818b3d0e2ea.xml Answer Text	61818b3d0e2ea.xml Answer Score	61818b3d0e2ea.xml Answer Scaled	61819416c02ac.xml Answer Text	61819416c02ac.xml Answer Score	61819416c02ac.xml Answer Scaled	6182dc5607fe7.xml Answer Text	6182dc5607fe7.xml Answer Score	6182dc5607fe7.xml Answer Scaled	6182f50c70005.xml Answer Text	6182f50c70005.xml Answer Score	6182f50c70005.xml Answer Scaled	6183016f8dc5b.xml Answer Text	6183016f8dc5b.xml Answer Score	6183016f8dc5b.xml Answer Scaled	618563e3821c2.xml Answer Text	618563e3821c2.xml Answer Score	618563e3821c2.xml Answer Scaled	6187717eaa7b2.xml Answer Text	6187717eaa7b2.xml Answer Score	6187717eaa7b2.xml Answer Scaled	6189537d1a4ec.xml Answer Text	6189537d1a4ec.xml Answer Score	6189537d1a4ec.xml Answer Scaled	618ab19899b69.xml Answer Text	618ab19899b69.xml Answer Score	618ab19899b69.xml Answer Scaled	618ac64660c82.xml Answer Text	618ac64660c82.xml Answer Score	618ac64660c82.xml Answer Scaled	618af15d68116.xml Answer Text	618af15d68116.xml Answer Score	618af15d68116.xml Answer Scaled	618af98b39720.xml Answer Text	618af98b39720.xml Answer Score	618af98b39720.xml Answer Scaled	618b03f590135.xml Answer Text	618b03f590135.xml Answer Score	618b03f590135.xml Answer Scaled	618b0e11d745c.xml Answer Text	618b0e11d745c.xml Answer Score	618b0e11d745c.xml Answer Scaled	618e946382942.xml Answer Text	618e946382942.xml Answer Score	618e946382942.xml Answer Scaled	618eaa21a0564.xml Answer Text	618eaa21a0564.xml Answer Score	618eaa21a0564.xml Answer Scaled	61941b83b6133.xml Answer Text	61941b83b6133.xml Answer Score	61941b83b6133.xml Answer Scaled	619425a9727a7.xml Answer Text	619425a9727a7.xml Answer Score	619425a9727a7.xml Answer Scaled	6194372d6bb96.xml Answer Text	6194372d6bb96.xml Answer Score	6194372d6bb96.xml Answer Scaled	619440196209e.xml Answer Text	619440196209e.xml Answer Score	619440196209e.xml Answer Scaled	61980ddc919a0.xml Answer Text	61980ddc919a0.xml Answer Score	61980ddc919a0.xml Answer Scaled	61983144ed7d5.xml Answer Text	61983144ed7d5.xml Answer Score	61983144ed7d5.xml Answer Scaled	619855cdf252b.xml Answer Text	619855cdf252b.xml Answer Score	619855cdf252b.xml Answer Scaled	6198635f7a0e6.xml Answer Text	6198635f7a0e6.xml Answer Score	6198635f7a0e6.xml Answer Scaled	619c189ff2a15.xml Answer Text	619c189ff2a15.xml Answer Score	619c189ff2a15.xml Answer Scaled	619c32ba6e32b.xml Answer Text	619c32ba6e32b.xml Answer Score	619c32ba6e32b.xml Answer Scaled	61a50edd51b77.xml Answer Text	61a50edd51b77.xml Answer Score	61a50edd51b77.xml Answer Scaled	61a66c46bf63e.xml Answer Text	61a66c46bf63e.xml Answer Score	61a66c46bf63e.xml Answer Scaled	61a67792d7cae.xml Answer Text	61a67792d7cae.xml Answer Score	61a67792d7cae.xml Answer Scaled	61a67ea0d035e.xml Answer Text	61a67ea0d035e.xml Answer Score	61a67ea0d035e.xml Answer Scaled	61a7b7e1b702c.xml Answer Text	61a7b7e1b702c.xml Answer Score	61a7b7e1b702c.xml Answer Scaled	61a7d367c0770.xml Answer Text	61a7d367c0770.xml Answer Score	61a7d367c0770.xml Answer Scaled	61a7e807dba71.xml Answer Text	61a7e807dba71.xml Answer Score	61a7e807dba71.xml Answer Scaled	61a9088e0473a.xml Answer Text	61a9088e0473a.xml Answer Score	61a9088e0473a.xml Answer Scaled	61a9171c4bc51.xml Answer Text	61a9171c4bc51.xml Answer Score	61a9171c4bc51.xml Answer Scaled	61a9297ab439f.xml Answer Text	61a9297ab439f.xml Answer Score	61a9297ab439f.xml Answer Scaled	61aa579266f9c.xml Answer Text	61aa579266f9c.xml Answer Score	61aa579266f9c.xml Answer Scaled	61aa8d0ee4e26.xml Answer Text	61aa8d0ee4e26.xml Answer Score	61aa8d0ee4e26.xml Answer Scaled	61ae4f12d113f.xml Answer Text	61ae4f12d113f.xml Answer Score	61ae4f12d113f.xml Answer Scaled	61ae7b82bec16.xml Answer Text	61ae7b82bec16.xml Answer Score	61ae7b82bec16.xml Answer Scaled	61ae86258c270.xml Answer Text	61ae86258c270.xml Answer Score	61ae86258c270.xml Answer Scaled	61afbe71c6643.xml Answer Text	61afbe71c6643.xml Answer Score	61afbe71c6643.xml Answer Scaled	61afe1bc20b2b.xml Answer Text	61afe1bc20b2b.xml Answer Score	61afe1bc20b2b.xml Answer Scaled	61b2356fd0da7.xml Answer Text	61b2356fd0da7.xml Answer Score	61b2356fd0da7.xml Answer Scaled	61b25727446b0.xml Answer Text	61b25727446b0.xml Answer Score	61b25727446b0.xml Answer Scaled	61b26393d0bdb.xml Answer Text	61b26393d0bdb.xml Answer Score	61b26393d0bdb.xml Answer Scaled	61b38d900de6a.xml Answer Text	61b38d900de6a.xml Answer Score	61b38d900de6a.xml Answer Scaled	61b3966dde82e.xml Answer Text	61b3966dde82e.xml Answer Score	61b3966dde82e.xml Answer Scaled	Count	Min	Average	Normalized Average	Max
1	[decision-graph.dg]qApplication	no	1	1.0000	no	1	1.0000	no	1	1.0000	no	1	1.0000	no	1	1.0000	no	1	1.0000	yes	0	10.0000	yes	0	10.0000	yes	0	10.0000	yes	0	10.0000	yes	0	10.0000	no	1	1.0000	yes	0	10.0000	no	1	1.0000	no	1	1.0000	no	1	1.0000	no	1	1.0000	yes	0	10.0000	yes	0	10.0000	no	1	1.0000	no	1	1.0000	yes	0	10.0000	no	1	1.0000	no	1	1.0000	no	1	1.0000	no	1	1.0000	no	1	1.0000	no	1	1.0000	no	1	1.0000	no	1	1.0000	no	1	1.0000	no	1	1.0000	no	1	1.0000	yes	0	10.0000	yes	0	10.0000	no	1	1.0000	no	1	1.0000	yes	0	10.0000	no	1	1.0000	no	1	1.0000	yes	0	10.0000	no	1	1.0000	no	1	1.0000	no	1	1.0000	no	1	1.0000	no	1	1.0000	no	1	1.0000	no	1	1.0000	no	1	1.0000	no	1	1.0000	no	1	1.0000	no	1	1.0000	no	1	1.0000	no	1	1.0000	no	1	1.0000	yes	0	10.0000	no	1	1.0000	no	1	1.0000	no	1	1.0000	no	1	1.0000	no	1	1.0000	no	1	1.0000	no	1	1.0000	no	1	1.0000	no	1	1.0000	no	1	1.0000	no	1	1.0000	no	1	1.0000	no	1	1.0000	no	1	1.0000	no	1	1.0000	no	1	1.0000	no	1	1.0000	no	1	1.0000	no	1	1.0000	yes	0	10.0000	yes	0	10.0000	no	1	1.0000	no	1	1.0000	79	0	0.7975	0.7975	1
2	[decision-graph.dg]qSize	no	0	10.0000	no	0	10.0000	no	0	10.0000	no	0	10.0000	no	0	10.0000	no	0	10.0000	no	0	10.0000	yes	2	1.0000	yes	2	1.0000	yes	2	1.0000	no	0	10.0000	no	0	10.0000	yes	2	1.0000	yes	2	1.0000	contact	1	5.5000	no	0	10.0000	no	0	10.0000	no	0	10.0000	no	0	10.0000	yes	2	1.0000	no	0	10.0000	no	0	10.0000	no	0	10.0000	no	0	10.0000	no	0	10.0000	yes	2	1.0000	no	0	10.0000	no	0	10.0000	no	0	10.0000	no	0	10.0000	no	0	10.0000	yes	2	1.0000	no	0	10.0000	no	0	10.0000	no	0	10.0000	no	0	10.0000	no	0	10.0000	yes	2	1.0000	no	0	10.0000	no	0	10.0000	no	0	10.0000	yes	2	1.0000	no	0	10.0000	no	0	10.0000	no	0	10.0000	no	0	10.0000	no	0	10.0000	no	0	10.0000	no	0	10.0000	no	0	10.0000	no	0	10.0000	no	0	10.0000	yes	2	1.0000	no	0	10.0000	no	0	10.0000	no	0	10.0000	no	0	10.0000	no	0	10.0000	no	0	10.0000	no	0	10.0000	no	0	10.0000	no	0	10.0000	no	0	10.0000	no	0	10.0000	yes	2	1.0000	no	0	10.0000	no	0	10.0000	no	0	10.0000	no	0	10.0000	no	0	10.0000	no	0	10.0000	no	0	10.0000	no	0	10.0000	no	0	10.0000	no	0	10.0000	no	0	10.0000	yes	2	1.0000	no	0	10.0000	no	0	10.0000	79	0	0.3418	0.1709	2
3	[decision-graph.dg]qCost	no	0	10.0000	no	0	10.0000	sometimes	1	5.5000	no	0	10.0000	no	0	10.0000	no	0	10.0000	no	0	10.0000	no	0	10.0000	no	0	10.0000	no	0	10.0000	no	0	10.0000	no	0	10.0000	no	0	10.0000	no	0	10.0000	no	0	10.0000	no	0	10.0000	no	0	10.0000	always	2	1.0000	no	0	10.0000	no	0	10.0000	no	0	10.0000	no	0	10.0000	no	0	10.0000	no	0	10.0000	no	0	10.0000	no	0	10.0000	no	0	10.0000	no	0	10.0000	no	0	10.0000	no	0	10.0000	no	0	10.0000	no	0	10.0000	no	0	10.0000	always	2	1.0000	no	0	10.0000	no	0	10.0000	no	0	10.0000	no	0	10.0000	no	0	10.0000	no	0	10.0000	no	0	10.0000	sometimes	1	5.5000	no	0	10.0000	no	0	10.0000	no	0	10.0000	always	2	1.0000	no	0	10.0000	no	0	10.0000	no	0	10.0000	no	0	10.0000	no	0	10.0000	no	0	10.0000	no	0	10.0000	no	0	10.0000	no	0	10.0000	no	0	10.0000	no	0	10.0000	no	0	10.0000	no	0	10.0000	no	0	10.0000	no	0	10.0000	no	0	10.0000	no	0	10.0000	no	0	10.0000	no	0	10.0000	no	0	10.0000	no	0	10.0000	no	0	10.0000	no	0	10.0000	no	0	10.0000	no	0	10.0000	no	0	10.0000	no	0	10.0000	no	0	10.0000	no	0	10.0000	no	0	10.0000	always	2	1.0000	no	0	10.0000	no	0	10.0000	79	0	0.1266	0.0633	2
4	[decision-graph.dg]qVersioning	no	1	1.0000	no	1	1.0000	yes	0	10.0000	yes	0	10.0000	yes	0	10.0000	no	1	1.0000	no	1	1.0000	no	1	1.0000	no	1	1.0000	no	1	1.0000	no	1	1.0000	no	1	1.0000	no	1	1.0000	yes	0	10.0000	no	1	1.0000	no	1	1.0000	yes	0	10.0000	yes	0	10.0000	yes	0	10.0000	yes	0	10.0000	yes	0	10.0000	yes	0	10.0000	no	1	1.0000	no	1	1.0000	no	1	1.0000	no	1	1.0000	yes	0	10.0000	yes	0	10.0000	yes	0	10.0000	no	1	1.0000	yes	0	10.0000	yes	0	10.0000	yes	0	10.0000	no	1	1.0000	no	1	1.0000	yes	0	10.0000	yes	0	10.0000	no	1	1.0000	no	1	1.0000	yes	0	10.0000	yes	0	10.0000	yes	0	10.0000	no	1	1.0000	no	1	1.0000	yes	0	10.0000	no	1	1.0000	no	1	1.0000	no	1	1.0000	no	1	1.0000	no	1	1.0000	no	1	1.0000	no	1	1.0000	yes	0	10.0000	no	1	1.0000	no	1	1.0000	yes	0	10.0000	yes	0	10.0000	no	1	1.0000	yes	0	10.0000	yes	0	10.0000	yes	0	10.0000	yes	0	10.0000	no	1	1.0000	no	1	1.0000	no	1	1.0000	no	1	1.0000	yes	0	10.0000	no	1	1.0000	yes	0	10.0000	no	1	1.0000	yes	0	10.0000	no	1	1.0000	no	1	1.0000	no	1	1.0000	no	1	1.0000	no	1	1.0000	no	1	1.0000	no	1	1.0000	yes	0	10.0000	79	0	0.5823	0.5823	1
5	[decision-graph.dg]qPhi	no	1	1.0000	no	1	1.0000	no	1	1.0000	no	1	1.0000	yes	0	10.0000	no	1	1.0000	yes	0	10.0000	no	1	1.0000	yes	0	10.0000	yes	0	10.0000	no	1	1.0000	no	1	1.0000	yes	0	10.0000	no	1	1.0000	no	1	1.0000	no	1	1.0000	yes	0	10.0000	no	1	1.0000	no	1	1.0000	no	1	1.0000	no	1	1.0000	no	1	1.0000	no	1	1.0000	no	1	1.0000	no	1	1.0000	no	1	1.0000	no	1	1.0000	no	1	1.0000	no	1	1.0000	no	1	1.0000	no	1	1.0000	no	1	1.0000	no	1	1.0000	yes	0	10.0000	no	1	1.0000	no	1	1.0000	no	1	1.0000	yes	0	10.0000	yes	0	10.0000	no	1	1.0000	no	1	1.0000	no	1	1.0000	no	1	1.0000	no	1	1.0000	no	1	1.0000	yes	0	10.0000	no	1	1.0000	no	1	1.0000	no	1	1.0000	no	1	1.0000	no	1	1.0000	no	1	1.0000	no	1	1.0000	no	1	1.0000	no	1	1.0000	no	1	1.0000	no	1	1.0000	no	1	1.0000	no	1	1.0000	no	1	1.0000	no	1	1.0000	no	1	1.0000	no	1	1.0000	no	1	1.0000	no	1	1.0000	no	1	1.0000	no	1	1.0000	no	1	1.0000	no	1	1.0000	no	1	1.0000	no	1	1.0000	no	1	1.0000	no	1	1.0000	no	1	1.0000	no	1	1.0000	no	1	1.0000	no	1	1.0000	yes	0	10.0000	no	1	1.0000	79	0	0.8608	0.8608	1
6	[decision-graph.dg]qHIPAA			0			0			0			0	yes	0	10.0000			0	yes	0	10.0000			0	yes	0	10.0000	yes	0	10.0000			0			0	yes	0	10.0000			0			0			0	yes	0	10.0000			0			0			0			0			0			0			0			0			0			0			0			0			0			0			0			0	no	1	1.0000			0			0			0	yes	0	10.0000	yes	0	10.0000			0			0			0			0			0			0	no	1	1.0000			0			0			0			0			0			0			0			0			0			0			0			0			0			0			0			0			0			0			0			0			0			0			0			0			0			0			0			0			0			0			0	yes	0	10.0000			0	11	0	0.1818	0.1818	1
7	[decision-graph.dg]qDomain	yes	0	10.0000	yes	0	10.0000	yes	0	10.0000	yes	0	10.0000	no	1	1.0000	yes	0	10.0000	yes	0	10.0000	yes	0	10.0000	yes	0	10.0000	yes	0	10.0000	yes	0	10.0000	yes	0	10.0000	no	1	1.0000	no	1	1.0000	yes	0	10.0000	yes	0	10.0000	yes	0	10.0000	yes	0	10.0000	yes	0	10.0000	yes	0	10.0000	yes	0	10.0000	yes	0	10.0000	yes	0	10.0000	yes	0	10.0000	yes	0	10.0000	yes	0	10.0000	yes	0	10.0000	yes	0	10.0000	no	1	1.0000	yes	0	10.0000	yes	0	10.0000	no	1	1.0000	yes	0	10.0000	no	1	1.0000	yes	0	10.0000	yes	0	10.0000	yes	0	10.0000	yes	0	10.0000	yes	0	10.0000	yes	0	10.0000	yes	0	10.0000	no	1	1.0000	yes	0	10.0000	yes	0	10.0000	yes	0	10.0000	yes	0	10.0000	yes	0	10.0000	yes	0	10.0000	yes	0	10.0000	yes	0	10.0000	yes	0	10.0000	yes	0	10.0000	yes	0	10.0000	yes	0	10.0000	yes	0	10.0000	yes	0	10.0000	yes	0	10.0000	yes	0	10.0000	yes	0	10.0000	yes	0	10.0000	yes	0	10.0000	yes	0	10.0000	yes	0	10.0000	yes	0	10.0000	yes	0	10.0000	yes	0	10.0000	no	1	1.0000	yes	0	10.0000	yes	0	10.0000	no	1	1.0000	yes	0	10.0000	yes	0	10.0000	yes	0	10.0000	yes	0	10.0000	yes	0	10.0000	yes	0	10.0000	no	1	1.0000	yes	0	10.0000	no	1	1.0000	79	0	0.1392	0.1392	1
8	[decision-graph.dg]qDomainList	Diabetes, Digestive and Kidney Diseases	3	8.2000	Diabetes, Digestive and Kidney Diseases	3	8.2000	Addiction and HIV	0	10.0000	Neuroscience	11	3.4000			0	Chemistry, chemical biology and biochemistry	2	8.8000	General	15	1.0000	Structural biology	13	2.2000	Structural biology	13	2.2000	Structural biology	13	2.2000	Metabolomics	8	5.2000	Chemistry, chemical biology and biochemistry	2	8.8000			0			0	General	15	1.0000	Immunology	6	6.4000	Chemistry, chemical biology and biochemistry	2	8.8000	Zebrafish genetics	14	1.6000	Structural biology	13	2.2000	Structural biology	13	2.2000	Structural biology	13	2.2000	Structural biology	13	2.2000	Structural biology	13	2.2000	Chemistry, chemical biology and biochemistry	2	8.8000	Chemistry, chemical biology and biochemistry	2	8.8000	Structural biology	13	2.2000	Chemistry, chemical biology and biochemistry	2	8.8000	Structural biology	13	2.2000			0	Structural biology	13	2.2000	Structural biology	13	2.2000			0	Structural biology	13	2.2000			0	Chemistry, chemical biology and biochemistry	2	8.8000	Structural biology	13	2.2000	Structural biology	13	2.2000	Structural biology	13	2.2000	Structural biology	13	2.2000	Neuroscience	11	3.4000	Chemistry, chemical biology and biochemistry	2	8.8000			0	Mouse genetics	10	4.0000	Structural biology	13	2.2000	Structural biology	13	2.2000	Diabetes, Digestive and Kidney Diseases	3	8.2000	Fly genetics	5	7.0000	Chemistry, chemical biology and biochemistry	2	8.8000	Chemistry, chemical biology and biochemistry	2	8.8000	Influenza	7	5.8000	Chemistry, chemical biology and biochemistry	2	8.8000	Structural biology	13	2.2000	General	15	1.0000	General	15	1.0000	Chemistry, chemical biology and biochemistry	2	8.8000	Cancer	1	9.4000	Chemistry, chemical biology and biochemistry	2	8.8000	Immunology	6	6.4000	Chemistry, chemical biology and biochemistry	2	8.8000	Structural biology	13	2.2000	Structural biology	13	2.2000	Chemistry, chemical biology and biochemistry	2	8.8000	Chemistry, chemical biology and biochemistry	2	8.8000	Metabolomics	8	5.2000	Chemistry, chemical biology and biochemistry	2	8.8000	Chemistry, chemical biology and biochemistry	2	8.8000			0	Microbiome	9	4.6000	General	15	1.0000			0	Enzymology	4	7.6000	Chemistry, chemical biology and biochemistry	2	8.8000	Structural biology	13	2.2000	Structural biology	13	2.2000	Chemistry, chemical biology and biochemistry	2	8.8000	Structural biology	13	2.2000			0	Neuroscience	11	3.4000			0	68	0	8.2353	0.5490	15
9	[decision-graph.dg]qDataType	yes	0	10.0000	no	1	1.0000	no	1	1.0000	yes	0	10.0000	no	1	1.0000	no	1	1.0000	no	1	1.0000	no	1	1.0000	no	1	1.0000	no	1	1.0000	no	1	1.0000	no	1	1.0000	no	1	1.0000	no	1	1.0000	no	1	1.0000	yes	0	10.0000	no	1	1.0000	no	1	1.0000	no	1	1.0000	no	1	1.0000	no	1	1.0000	yes	0	10.0000	yes	0	10.0000	yes	0	10.0000	yes	0	10.0000	yes	0	10.0000	yes	0	10.0000	no	1	1.0000	no	1	1.0000	yes	0	10.0000	no	1	1.0000	no	1	1.0000	yes	0	10.0000	no	1	1.0000	no	1	1.0000	yes	0	10.0000	yes	0	10.0000	yes	0	10.0000	yes	0	10.0000	no	1	1.0000	no	1	1.0000	no	1	1.0000	no	1	1.0000	yes	0	10.0000	yes	0	10.0000	no	1	1.0000	no	1	1.0000	yes	0	10.0000	yes	0	10.0000	no	1	1.0000	yes	0	10.0000	yes	0	10.0000	no	1	1.0000	no	1	1.0000	yes	0	10.0000	yes	0	10.0000	no	1	1.0000	no	1	1.0000	no	1	1.0000	no	1	1.0000	yes	0	10.0000	no	1	1.0000	no	1	1.0000	no	1	1.0000	yes	0	10.0000	yes	0	10.0000	no	1	1.0000	yes	0	10.0000	yes	0	10.0000	yes	0	10.0000	no	1	1.0000	no	1	1.0000	yes	0	10.0000	yes	0	10.0000	yes	0	10.0000	yes	0	10.0000	no	1	1.0000	yes	0	10.0000	no	1	1.0000	79	0	0.5696	0.5696	1
10	[decision-graph.dg]qDataTypeList	Genotype-Phenotype	6	6.1429			0			0	Neuron reconstruction	10	3.5714			0			0			0			0			0			0			0			0			0			0			0	Cytometry	2	8.7143			0			0			0			0			0	Genotype-Phenotype	6	6.1429	Sequence	14	1.0000	Protein structure	12	2.2857	Electron microscopy	3	8.0714	Sequence	14	1.0000	Proteomic	13	1.6429			0			0	Proteomic	13	1.6429			0			0	Proteomic	13	1.6429			0			0	Sequence	14	1.0000	Sequence	14	1.0000	Genotype-Phenotype	6	6.1429	Sequence	14	1.0000			0			0			0			0	Electron microscopy	3	8.0714	Sequence	14	1.0000			0			0	Protein structure	12	2.2857	Proteomic	13	1.6429			0	Proteomic	13	1.6429	Interaction/pathways	8	4.8571			0			0	Protein structure	12	2.2857	Imaging	7	5.5000			0			0			0			0	Genotype-Phenotype	6	6.1429			0			0			0	Crystallography	1	9.3571	Imaging	7	5.5000			0	Sequence	14	1.0000	Imaging	7	5.5000	Imaging	7	5.5000			0			0	Sequence	14	1.0000	Protein structure	12	2.2857	Crystallography	1	9.3571	Genomic	5	6.7857			0	Imaging	7	5.5000			0	34	1	9.3235	0.6660	14
11	[decision-graph.dg]qContact	yes	0	10.0000	yes	0	10.0000	yes	0	10.0000	yes	0	10.0000	yes	0	10.0000	yes	0	10.0000	no	1	1.0000	no	1	1.0000	no	1	1.0000	no	1	1.0000	yes	0	10.0000	yes	0	10.0000	yes	0	10.0000	yes	0	10.0000	yes	0	10.0000	yes	0	10.0000	yes	0	10.0000	yes	0	10.0000	yes	0	10.0000	yes	0	10.0000	yes	0	10.0000	yes	0	10.0000	yes	0	10.0000	no	1	1.0000	no	1	1.0000	yes	0	10.0000	yes	0	10.0000	yes	0	10.0000	yes	0	10.0000	yes	0	10.0000	yes	0	10.0000	yes	0	10.0000	yes	0	10.0000	yes	0	10.0000	yes	0	10.0000	yes	0	10.0000	yes	0	10.0000	yes	0	10.0000	yes	0	10.0000	no	1	1.0000	no	1	1.0000	yes	0	10.0000	no	1	1.0000	no	1	1.0000	no	1	1.0000	no	1	1.0000	no	1	1.0000	no	1	1.0000	yes	0	10.0000	no	1	1.0000	yes	0	10.0000	no	1	1.0000	no	1	1.0000	no	1	1.0000	no	1	1.0000	no	1	1.0000	no	1	1.0000	yes	0	10.0000	no	1	1.0000	no	1	1.0000	no	1	1.0000	no	1	1.0000	no	1	1.0000	yes	0	10.0000	yes	0	10.0000	yes	0	10.0000	yes	0	10.0000	no	1	1.0000	no	1	1.0000	no	1	1.0000	yes	0	10.0000	no	1	1.0000	no	1	1.0000	yes	0	10.0000	no	1	1.0000	no	1	1.0000	no	1	1.0000	yes	0	10.0000	yes	0	10.0000	79	0	0.4304	0.4304	1
12	[decision-graph.dg]qFundingSource	no	0	10.0000	no	0	10.0000	no	0	10.0000	no	0	10.0000	no	0	10.0000	no	0	10.0000	no	0	10.0000	no	0	10.0000	no	0	10.0000	no	0	10.0000	yes, any NIH source	1	7.0000	no	0	10.0000	yes, any NIH source	1	7.0000	no	0	10.0000	no	0	10.0000	no	0	10.0000	no	0	10.0000	no	0	10.0000	no	0	10.0000	yes, any NIH source	1	7.0000	no	0	10.0000	no	0	10.0000	no	0	10.0000	no	0	10.0000	no	0	10.0000	no	0	10.0000	no	0	10.0000	no	0	10.0000	no	0	10.0000	no	0	10.0000	no	0	10.0000	no	0	10.0000	no	0	10.0000	no	0	10.0000	no	0	10.0000	no	0	10.0000	no	0	10.0000	no	0	10.0000	no	0	10.0000	no	0	10.0000	no	0	10.0000	no	0	10.0000	no	0	10.0000	no	0	10.0000	no	0	10.0000	yes, NIDDK source only	3	1.0000	no	0	10.0000	no	0	10.0000	no	0	10.0000	no	0	10.0000	no	0	10.0000	no	0	10.0000	no	0	10.0000	no	0	10.0000	no	0	10.0000	yes, any NIH source	1	7.0000	no	0	10.0000	no	0	10.0000	no	0	10.0000	no	0	10.0000	no	0	10.0000	no	0	10.0000	no	0	10.0000	no	0	10.0000	no	0	10.0000	no	0	10.0000	no	0	10.0000	no	0	10.0000	no	0	10.0000	no	0	10.0000	no	0	10.0000	no	0	10.0000	no	0	10.0000	no	0	10.0000	no	0	10.0000	no	0	10.0000	no	0	10.0000	no	0	10.0000	no	0	10.0000	79	0	0.0886	0.0295	3
13	[decision-graph.dg]qPublised	no	1	1.0000	no	1	1.0000	no	1	1.0000	no	1	1.0000	no	1	1.0000	no	1	1.0000	no	1	1.0000	no	1	1.0000	no	1	1.0000	no	1	1.0000	no	1	1.0000	no	1	1.0000	no	1	1.0000	no	1	1.0000	no	1	1.0000	no	1	1.0000	no	1	1.0000	no	1	1.0000	no	1	1.0000	no	1	1.0000	no	1	1.0000	no	1	1.0000	yes	0	10.0000	no	1	1.0000	yes	0	10.0000	no	1	1.0000	yes	0	10.0000	no	1	1.0000	no	1	1.0000	yes	0	10.0000	no	1	1.0000	no	1	1.0000	yes	0	10.0000	no	1	1.0000	no	1	1.0000	no	1	1.0000	no	1	1.0000	no	1	1.0000	no	1	1.0000	no	1	1.0000	yes	0	10.0000	yes	0	10.0000	no	1	1.0000	no	1	1.0000	no	1	1.0000	no	1	1.0000	no	1	1.0000	no	1	1.0000	no	1	1.0000	no	1	1.0000	no	1	1.0000	no	1	1.0000	no	1	1.0000	yes	0	10.0000	no	1	1.0000	no	1	1.0000	no	1	1.0000	no	1	1.0000	no	1	1.0000	no	1	1.0000	no	1	1.0000	no	1	1.0000	no	1	1.0000	no	1	1.0000	yes	0	10.0000	no	1	1.0000	no	1	1.0000	no	1	1.0000	no	1	1.0000	yes	0	10.0000	yes	0	10.0000	no	1	1.0000	no	1	1.0000	no	1	1.0000	yes	0	10.0000	no	1	1.0000	no	1	1.0000	no	1	1.0000	no	1	1.0000	79	0	0.8481	0.8481	1
14	[decision-graph.dg]qCitationMetadata	yes - very limited	1	5.5000	yes	2	1.0000	yes	2	1.0000	no	0	10.0000	yes	2	1.0000	no	0	10.0000	no	0	10.0000	no	0	10.0000	yes	2	1.0000	yes	2	1.0000	yes	2	1.0000	no	0	10.0000	yes	2	1.0000	yes	2	1.0000	yes	2	1.0000	no	0	10.0000	yes	2	1.0000	no	0	10.0000	no	0	10.0000	no	0	10.0000	yes	2	1.0000	no	0	10.0000	no	0	10.0000	no	0	10.0000	no	0	10.0000	no	0	10.0000	no	0	10.0000	yes	2	1.0000	no	0	10.0000	no	0	10.0000	no	0	10.0000	yes	2	1.0000	no	0	10.0000	no	0	10.0000	yes - very limited	1	5.5000	no	0	10.0000	no	0	10.0000	no	0	10.0000	yes - very limited	1	5.5000	yes	2	1.0000	no	0	10.0000	yes - very limited	1	5.5000	no	0	10.0000	no	0	10.0000	no	0	10.0000	no	0	10.0000	no	0	10.0000	no	0	10.0000	no	0	10.0000	no	0	10.0000	no	0	10.0000	no	0	10.0000	yes	2	1.0000	no	0	10.0000	no	0	10.0000	yes	2	1.0000	yes	2	1.0000	no	0	10.0000	no	0	10.0000	no	0	10.0000	no	0	10.0000	no	0	10.0000	no	0	10.0000	no	0	10.0000	yes - very limited	1	5.5000	yes	2	1.0000	yes	2	1.0000	no	0	10.0000	no	0	10.0000	no	0	10.0000	yes	2	1.0000	no	0	10.0000	no	0	10.0000	no	0	10.0000	no	0	10.0000	no	0	10.0000	no	0	10.0000	no	0	10.0000	yes - very limited	1	5.5000	79	0	0.5823	0.2911	2
15	[decision-graph.dg]qPID	supports but does not generate	1	5.5000	supports and generates	2	1.0000	supports and generates	2	1.0000			0	supports and generates	2	1.0000			0			0			0	no	0	10.0000	no	0	10.0000	supports but does not generate	1	5.5000			0	supports but does not generate	1	5.5000	supports and generates	2	1.0000	supports and generates	2	1.0000			0	supports and generates	2	1.0000			0			0			0	supports and generates	2	1.0000			0			0			0			0			0			0	supports and generates	2	1.0000			0			0			0	supports and generates	2	1.0000			0			0	no	0	10.0000			0			0			0	no	0	10.0000	supports and generates	2	1.0000			0	supports and generates	2	1.0000			0			0			0			0			0			0			0			0			0			0	supports and generates	2	1.0000			0			0	supports and generates	2	1.0000	supports and generates	2	1.0000			0			0			0			0			0			0			0	supports and generates	2	1.0000	supports and generates	2	1.0000	supports and generates	2	1.0000			0			0			0	supports and generates	2	1.0000			0			0			0			0			0			0			0	supports and generates	2	1.0000	26	0	1.5769	0.7885	2
16	[decision-graph.dg]qDOI	yes	0	10.0000	yes	0	10.0000	yes	0	10.0000			0	yes	0	10.0000			0			0			0			0			0	no	1	1.0000			0	yes	0	10.0000	yes	0	10.0000	yes	0	10.0000			0	no	1	1.0000			0			0			0	no	1	1.0000			0			0			0			0			0			0	yes	0	10.0000			0			0			0	yes	0	10.0000			0			0			0			0			0			0			0	yes	0	10.0000			0	yes	0	10.0000			0			0			0			0			0			0			0			0			0			0	yes	0	10.0000			0			0	yes	0	10.0000	no	1	1.0000			0			0			0			0			0			0			0	yes	0	10.0000	yes	0	10.0000	yes	0	10.0000			0			0			0	yes	0	10.0000			0			0			0			0			0			0			0	yes	0	10.0000	22	0	0.1818	0.1818	1
